,message_id,dt,text,sender_id,source
0,14910,2022-04-18 16:12:47,–í—Å—ë –ø—Ä–∏–≤–µ—Ç –ª–µ—á—É –∏–∑ –¢–∞–∏–ª–∞–Ω–¥–∞ –≤ –°–ü–± —á–µ—Ä–µ–∑ –ú—Å–∫. –ö–æ–º—É –Ω—É–∂–Ω–∞ –≤–∞–ª—é—Ç–∞ –ø–∏—à–∏—Ç–µ.,5264017495,DollarEuroFrank
1,14909,2022-04-18 16:11:05,–ü—Ä–æ–¥–∞–º 300 $ –ø–æ 89 –°–ø–±,1493052283,DollarEuroFrank
2,14908,2022-04-18 16:00:04,üíµüíµüíµ–ü—Ä–æ–¥–∞–º 500-1000$ –º–æ—Å–∫–≤–∞ —é–∑–∞–æ,355153480,DollarEuroFrank
3,14907,2022-04-18 15:58:39,–ü—Ä–æ–¥–∞–º 30–∫$ –ö—É—Ä—Å 90 –ú–æ—Å–∫–≤–∞,1414683716,DollarEuroFrank
4,14906,2022-04-18 15:58:32,"–ö—Ä–∞—Å–Ω–æ–¥–∞—Ä
–ü—Ä–æ–¥–∞–º –µ–≤—Ä–æ –ø–æ 90 —Ä—É–±",5128233857,DollarEuroFrank
5,14905,2022-04-18 15:52:42,,1811424585,DollarEuroFrank
6,14904,2022-04-18 15:50:48,"–ü—Ä–æ–¥–∞–º –µ–≤—Ä–æ –ø–æ 98, –°–ü–±",2024610916,DollarEuroFrank
7,14903,2022-04-18 15:49:26,"–ö—Ä–∞—Å–Ω–æ–¥–∞—Ä –ø—Ä–æ–¥–∞–º –Ω–∞–ª–∏—á–Ω—ã–µ
–î–æ–ª–ª–∞—Ä $ 92
–ï–≤—Ä–æ     ‚Ç¨ 102
–ù–æ–≤—ã–µ –∫—É–ø—é—Ä—ã, –Ω–æ–≤–æ–≥–æ –æ–±—Ä–∞–∑—Ü–∞. –û–±–º–µ–Ω —Ç–æ–ª—å–∫–æ —á–µ—Ä–µ–∑ –ø—Ä–æ–≤–µ—Ä–∫—É –≤ –∫–∞—Å—Å–µ –±–∞–Ω–∫–∞. –ó–∞–ø—Ä–æ—Å –≤ –ª/—Å",457763062,DollarEuroFrank
8,14902,2022-04-18 15:44:10,–ü—Ä–æ–¥–∞–º –¥–æ 3400$ –ø–æ 90 –ú–æ—Å–∫–≤–∞ –ø—Ä–∏–µ–¥—É –∫ –≤–∞–º,5309686315,DollarEuroFrank
9,14901,2022-04-18 15:43:08,–°–∞—Ä–∞—Ç–æ–≤ $ 95—Ä –ø—Ä–æ–¥–∞–º,862967425,DollarEuroFrank
10,14900,2022-04-18 15:42:08,"–ï—Å—Ç—å –¥–æ–ª–ª–∞—Ä—ã –≤ –Ω–∞–ª–∏—á–∏–∏, –Ω–µ–±–æ–ª—å—à–æ–µ –∫–æ–ª–∏—á–µ—Å—Ç–≤–æ, 91—Ä. 
–ü—Ä–æ–≤–µ—Ä–∫–∞ –≤ –±–∞–Ω–∫–µ –∏ —Ç–¥. –ú–æ—Å–∫–≤–∞",5045361587,DollarEuroFrank
11,14899,2022-04-18 15:41:07,,5379395646,DollarEuroFrank
12,14898,2022-04-18 15:39:24,"–ü—Ä–æ–¥–∞–º –¥–æ 3000$
89
–ú—Å–∫",463769127,DollarEuroFrank
13,14897,2022-04-18 15:35:30,,1201151123,DollarEuroFrank
14,14896,2022-04-18 15:33:49,–ü—Ä–æ–¥–∞–º $ 500 –ø–æ 90 –º—Å–∫,731896425,DollarEuroFrank
15,14895,2022-04-18 15:33:18,"–ü—Ä–æ–¥–∞–º 10 —Ç—ã—Å. ‚Ç¨ –ø–æ 100 –≤ –æ–¥–Ω–∏ —Ä—É–∫–∏, –°–ø–±",1866924362,DollarEuroFrank
16,14894,2022-04-18 15:28:42,–ö—É–ø–ª—é 1000$ –≤ –°–µ—Ä–≥–∏–µ–≤ –ü–∞—Å–∞–¥,5204798899,DollarEuroFrank
17,14893,2022-04-18 15:27:56,"–ü—Ä–æ–¥–∞–º –¥–æ 3000$ –ø–æ 90‚ÇΩ –Ω–∞–ª–∏—á–Ω—ã–µ —Å–ø–±, —é–≥–æ-–∑–∞–ø–∞–¥",928745154,DollarEuroFrank
18,14892,2022-04-18 15:27:17,,5204798899,DollarEuroFrank
19,14891,2022-04-18 15:13:28,üÜò–ú–æ—Å–∫–≤–∞ –°–ó–ê–û –ø—Ä–æ–¥–∞–º 4000$ –ø–æ 95‚ùóÔ∏è–ø–∏—Å–∞—Ç—å –≤ –ª—Å,537932752,DollarEuroFrank
20,14890,2022-04-18 15:13:25,–ë–µ—Ä—É –¥–æ–ª–ª–∞—Ä—ã –≤ –°–®–ê –¥–∞—é —Ä—É–±–ª–∏ –≤ –†–æ—Å—Å–∏–∏,1576366613,DollarEuroFrank
21,14889,2022-04-18 15:12:32,,383749902,DollarEuroFrank
22,14888,2022-04-18 15:11:29,–ü—Ä–æ–¥–∞–º –¥–æ–ª–ª–∞—Ä—ã –ï–∫–∞—Ç–µ—Ä–∏–Ω–±—É—Ä–≥,94365040,DollarEuroFrank
23,14887,2022-04-18 15:05:59,–ü—Ä–æ–¥–∞–º 5600 –µ–≤—Ä–æ –ø–æ 92 –ú–æ—Å–∫–≤–∞,335267567,DollarEuroFrank
24,14886,2022-04-18 15:05:35,–ü—Ä–æ–¥–∞–º –Ω–æ–≤—ã–µ $ –ö—Ä–∞—Å–Ω–æ–¥–∞—Ä,496552378,DollarEuroFrank
25,14885,2022-04-18 15:03:05,"–ü—Ä–æ–¥–∞–º 6000$ –ø–æ 91,–∏ 1000‚Ç¨ –ø–æ 99,–ú–æ—Å–∫–≤–∞ –Æ–≥–æ –∑–∞–ø–∞–¥",578982915,DollarEuroFrank
26,14881,2022-04-18 14:53:23,–ü—Ä–æ–¥–∞–º $ 500 –ø–æ 90 –º—Å–∫,731896425,DollarEuroFrank
27,14880,2022-04-18 14:52:54,"–ü—Ä–æ–¥–∞–º –µ–≤—Ä–æ –ø–æ 100, –°–ü–±",2024610916,DollarEuroFrank
28,14879,2022-04-18 14:50:23,–ü—Ä–æ–¥–∞–º –µ–≤—Ä–æ –ò—Å–∞–µ–≤–∞ 5600 –ø–æ 100,335267567,DollarEuroFrank
29,14878,2022-04-18 14:41:31,"–ü—Ä–æ–¥–∞–º –¥–æ 3400$ –ø–æ 90,5 –ú–æ—Å–∫–≤–∞ –ø—Ä–∏–µ–¥—É –∫ –≤–∞–º",5309686315,DollarEuroFrank
30,14877,2022-04-18 14:41:24,"–ü–†–æ–¥–∞–º $ –Ω–æ–≤—ã–µ,–†–°–û-–ê–ª–∞–Ω–∏—è",963881008,DollarEuroFrank
31,14876,2022-04-18 14:33:30,"–ö—É–ø–ª—é –æ—Ç 5000 $ –ø–æ 87, ‚Ç¨ –ø–æ 95 –ó–µ–ª–µ–Ω–æ–≥—Ä–∞–¥ –ú.–û.",5180046433,DollarEuroFrank
32,14875,2022-04-18 14:33:21,1000 –µ–≤—Ä–æ –ø—Ä–æ–¥–∞–º –ø–æ 95 –•–∏–º–∫–∏,1364494365,DollarEuroFrank
33,14874,2022-04-18 14:22:45,–ï—Å—Ç—å —Ç—ã—Å—è—á–∞ eur –ø–æ 100. –°–µ–≤–∞—Å—Ç–æ–ø–æ–ª—å,419970104,DollarEuroFrank
34,14872,2022-04-18 14:18:20,–í –ª–∏—á–∫—É –æ–ø–∏—à–∏ —Å–∏—Ç—É–∞—Ü–∏—é,860029248,DollarEuroFrank
35,14871,2022-04-18 14:15:33,–ü—Ä–æ–¥–∞–º $ 500 –ø–æ 90 –º—Å–∫,731896425,DollarEuroFrank
36,14870,2022-04-18 14:08:27,@DMhhbbgvbh –ø–æ–¥—Ç–≤–µ—Ä–∂–¥–µ–Ω–Ω—ã–π –º–æ—à–µ–Ω–Ω–∏–∫,1822686894,DollarEuroFrank
37,14869,2022-04-18 14:07:06,–ø—Ä–æ–¥–∞–º –¥–æ–ª–ª–∞—Ä—ã –ø–æ 91—Ä –º–æ—Å–∫–≤–∞,5184328819,DollarEuroFrank
38,14868,2022-04-18 14:06:45,"–û–±–º–µ–Ω—è—é 5000$(–∫—É–ø—é—Ä—ã 100$ –Ω–æ–≤—ã–µ) –≤ –ù–∏–∂–Ω–µ–º –ù–æ–≤–≥–æ—Ä–æ–¥–µ.
–ö—É—Ä—Å 1$=100‚ÇΩ 
–û–±–º–µ–Ω –≤ –ª—é–±–æ–º –æ—Ç–¥–µ–ª–µ–Ω–∏–∏ —Å–±–µ—Ä–±–∞–Ω–∫–∞ –ø–æ –≥–æ—Ä–æ–¥—É,—Å –ø—Ä–æ–≤–µ—Ä–∫–æ–π –≤ –∫–∞—Å—Å–µ.",503260035,DollarEuroFrank
39,14867,2022-04-18 13:57:16,"–ü–∏—Ç–µ—Ä, –∑–∞–≤—Ç—Ä–∞ –≤ –ø–µ—Ä–≤–æ–π –ø–æ–ª–æ–≤–∏–Ω–µ –¥–Ω—è, —Å –æ–¥–Ω–∏—Ö —Ä—É–∫
–ö—É–ø–ª—é 18.000‚Ç¨‚Ç¨‚Ç¨ üí∂ –ø–æ 95‚ÇΩ 
–ü—Ä–µ–¥–ª–æ–∂–µ–Ω–∏—è –≤ –ª–∏—á–∫—É. 
–í—Å—Ç—Ä–µ—á–∞ –≤ –±–∞–Ω–∫–µ",177782077,DollarEuroFrank
40,14866,2022-04-18 13:52:25,–ü—Ä–æ–¥–∞–º 500-1000$ -91‚ÇΩ –º–æ—Å–∫–≤–∞ —é–∑–∞–æüíµ,355153480,DollarEuroFrank
41,14865,2022-04-18 13:50:41,,1801229699,DollarEuroFrank
42,14864,2022-04-18 13:48:16,"–ü—Ä–æ–¥–∞–º 6000$ –ø–æ 91,–∏ 1000‚Ç¨ –ø–æ 100,–ú–æ—Å–∫–≤–∞ –Æ–≥–æ –∑–∞–ø–∞–¥",578982915,DollarEuroFrank
43,14863,2022-04-18 13:47:36,–ï—Å—Ç—å —Ç—ã—Å—è—á–∞ eur –ø–æ 100. –ö—Ä—Å–∫.,491600936,DollarEuroFrank
44,14862,2022-04-18 13:42:49,–ü—Ä–æ–¥–∞–º –¥–æ–ª–ª–∞—Ä—ã –ø–æ 86 –ô–æ—à–∫–∞—Ä-–û–ª–∞,358575355,DollarEuroFrank
45,14861,2022-04-18 13:42:08,"–ü—Ä–æ–¥–∞–º 1600 –µ–≤—Ä–æ –ø–æ 100, –°–ü–±",804205735,DollarEuroFrank
46,14860,2022-04-18 13:40:58,"–ü—Ä–æ–¥–∞–º –¥–æ–ª–ª–∞—Ä—ã –ø–æ 88, –µ–≤—Ä–æ –ø–æ 100",2024610916,DollarEuroFrank
47,14859,2022-04-18 13:38:16,–ë–µ—Ä—É –¥–æ–ª–ª–∞—Ä—ã –≤ –°–®–ê –¥–∞—é —Ä—É–±–ª–∏ –≤ –†–æ—Å—Å–∏–∏,1576366613,DollarEuroFrank
48,14858,2022-04-18 13:34:13,"–ü—Ä–æ–¥–∞–º –¥–æ 3000$ –ø–æ 90
–ú—Å–∫",463769127,DollarEuroFrank
49,14857,2022-04-18 13:32:05,,305852916,DollarEuroFrank
50,14855,2022-04-18 13:19:33,,980149402,DollarEuroFrank
51,14854,2022-04-18 13:13:08,,1877558038,DollarEuroFrank
52,14852,2022-04-18 13:07:02,‚Ç¨ 95. –ï–∫–±,1470314840,DollarEuroFrank
53,14851,2022-04-18 13:06:11,"–ü—Ä–æ–¥–∞–º –µ–≤—Ä–æ –ø–æ 100 , –ú–æ—Å–∫–≤–∞.",509414141,DollarEuroFrank
54,14850,2022-04-18 12:59:57,"–ü—Ä–æ–¥–∞—é $ –ø–æ 92.
–ö–∞–∑–∞–Ω—å, —á–µ–±–æ–∫—Å–∞—Ä—ã.

–ö—É–ø—é—Ä—ã –Ω–æ–≤—ã–µ, –∏–∑ –±–∞–Ω–∫–∞.",378203511,DollarEuroFrank
55,14849,2022-04-18 12:59:09,–ü—Ä–æ–¥–∞–º 5–∫$ –ö—Ä–∞—Å–Ω–æ–¥–∞—Ä,496552378,DollarEuroFrank
56,14848,2022-04-18 12:57:21,–í –ü–∏—Ç–µ—Ä–µ. –ö—É–ø–ª—é 5600$ –ø–æ 89 —Ä—É–±.,971579173,DollarEuroFrank
57,14847,2022-04-18 12:54:18,–ß–µ–ª—è–±–∏–Ω—Å–∫ 6000$ –ø–æ 90,680481174,DollarEuroFrank
58,14846,2022-04-18 12:54:07,"–ü—Ä–æ–¥–∞–º 10–∫ usd –ø–æ 90—Ä —á–µ–±–æ–∫—Å–∞—Ä—ã, –ë–∞–Ω–∫–Ω–æ—Ç—ã –Ω–æ–≤—ã–µ, –ø—Ä–æ–≤–µ—Ä–∫–∞ –ø—Ä–∏–≤–µ—Ç—Å—Ç–≤—É–µ—Ç—Å—è",1616489377,DollarEuroFrank
59,14845,2022-04-18 12:51:15,–ü—Ä–æ–¥–∞–º –¥–æ 3400$ –ø–æ 91 –ú–æ—Å–∫–≤–∞ –ø—Ä–∏–µ–¥—É –∫ –≤–∞–º,5309686315,DollarEuroFrank
60,14844,2022-04-18 12:45:44,–°—Ä–æ—á–Ω–æ –ø—Ä–æ–¥–∞–º ‚Ç¨ –≤ –ß–µ–ª—è–±–∏–Ω—Å–∫–µ,5158078844,DollarEuroFrank
61,14843,2022-04-18 12:26:41,"–ü—Ä–æ–¥–∞–º 10–∫ usd –ø–æ 90—Ä —á–µ–±–æ–∫—Å–∞—Ä—ã, –ë–∞–Ω–∫–Ω–æ—Ç—ã –Ω–æ–≤—ã–µ, –ø—Ä–æ–≤–µ—Ä–∫–∞ –ø—Ä–∏–≤–µ—Ç—Å—Ç–≤—É–µ—Ç—Å—è",1616489377,DollarEuroFrank
62,14842,2022-04-18 12:24:47,,1616489377,DollarEuroFrank
63,14840,2022-04-18 12:15:51,–ü—Ä–æ–¥–∞–º 1000‚Ç¨ –ß–µ–ª—è–±–∏–Ω—Å–∫,271272148,DollarEuroFrank
64,14839,2022-04-18 12:11:13,üíµ –ø—Ä–æ–¥–∞–º $ –º–æ—Å–∫–≤–∞ —é–∑–∞–æ,355153480,DollarEuroFrank
65,14838,2022-04-18 12:10:54,"–ö—É–ø–ª—é  –¥–æ 3400$ –ø–æ 87,5 –ú–æ—Å–∫–≤–∞ –ø—Ä–∏–µ–¥—É –∫ –≤–∞–º",5347834892,DollarEuroFrank
66,14837,2022-04-18 12:10:36,"–ü—Ä–æ–¥–∞–º –µ–≤—Ä–æ –ø–æ 100, –°–ü–±",2024610916,DollarEuroFrank
67,14836,2022-04-18 12:09:05,–ü—Ä–æ–¥–∞–º 3500$ –ø–æ 90 –°–ü–±,831676468,DollarEuroFrank
68,14835,2022-04-18 12:09:03,–ü—Ä–æ–¥–∞–º 30–∫$ –ö—É—Ä—Å 90 –ú–æ—Å–∫–≤–∞,1414683716,DollarEuroFrank
69,14834,2022-04-18 12:02:11,–ë–µ—Ä—É –¥–æ–ª–ª–∞—Ä—ã –≤ –°–®–ê –¥–∞—é —Ä—É–±–ª–∏ –≤ –†–æ—Å—Å–∏–∏,1576366613,DollarEuroFrank
70,14833,2022-04-18 12:02:06,–ü—Ä–æ–¥–∞–º $. –ú–æ—Å–∫–≤–∞,5051249254,DollarEuroFrank
71,14832,2022-04-18 12:01:52,,5051249254,DollarEuroFrank
72,14831,2022-04-18 12:01:45,"–ü—Ä–æ–¥–∞–º –¥–æ 3000$ –ø–æ 90
–ú—Å–∫",463769127,DollarEuroFrank
73,14829,2022-04-18 12:00:14,–ü—Ä–æ–¥–∞–º –¥–æ–ª. –ü–æ 150. –¢–æ–ª—å—è—Ç—Ç–∏,333866210,DollarEuroFrank
74,14828,2022-04-18 11:56:04,,2078733912,DollarEuroFrank
75,14827,2022-04-18 11:49:12,–ü—Ä–æ–¥–∞–º 100 –µ–≤—Ä–æ - 10000 –∫–∞–∑–∞–Ω—å,1979272393,DollarEuroFrank
76,14826,2022-04-18 11:45:59,–ë–µ—Ä—É –¥–æ–ª–ª–∞—Ä—ã –≤ –°–®–ê –¥–∞—é —Ä—É–±–ª–∏ –≤ –†–æ—Å—Å–∏–∏,1576366613,DollarEuroFrank
77,14825,2022-04-18 11:41:06,–ü—Ä–æ–¥–∞–º –¥–æ–ª–ª–∞—Ä—ã –ï–∫–∞—Ç–µ—Ä–∏–Ω–±—É—Ä–≥,94365040,DollarEuroFrank
78,14824,2022-04-18 11:28:04,,747187820,DollarEuroFrank
79,14823,2022-04-18 11:19:23,üÜò–ú–æ—Å–∫–≤–∞ –°–ó–ê–û –ø—Ä–æ–¥–∞–º 4000$ –ø–æ 95‚ùóÔ∏è–ø–∏—Å–∞—Ç—å –≤ –ª—Å,537932752,DollarEuroFrank
80,14822,2022-04-18 11:19:22,–ü—Ä–æ–¥–∞–∂–∞ –∏–ª–∏ –ø–æ–∫—É–ø–∫–∞?,1045518369,DollarEuroFrank
81,14820,2022-04-18 11:17:34,–ü—Ä–æ–¥–∞–º –µ–≤—Ä–æ –ø–æ 100,2024610916,DollarEuroFrank
82,14818,2022-04-18 11:15:15,–ö—É–ø–ª—é –¥–æ–ª–ª–∞—Ä $ –ú–æ—Å–∫–≤–∞,333330549,DollarEuroFrank
83,14816,2022-04-18 11:05:57,,5242474306,DollarEuroFrank
84,14815,2022-04-18 10:57:36,,5230120344,DollarEuroFrank
85,14814,2022-04-18 10:48:07,,606856596,DollarEuroFrank
86,14812,2022-04-18 10:39:00,–ë–µ—Ä—É –¥–æ–ª–ª–∞—Ä—ã –≤ –°–®–ê –¥–∞—é —Ä—É–±–ª–∏ –≤ –†–æ—Å—Å–∏–∏,1576366613,DollarEuroFrank
87,14811,2022-04-18 10:36:35,,1042944709,DollarEuroFrank
88,14810,2022-04-18 10:33:41,"–í –ì–µ—Ä–º–∞–Ω–∏–∏ –µ—Å—Ç—å –µ–≤—Ä–æ –ø–æ –∫—É—Ä—Å—É 100—Ä, –≤ –ú–æ—Å–∫–≤–µ –±–µ—Ä—É —Ä—É–±–ª–∏, –ø—Ä–µ–¥–ª–æ–∂–µ–Ω–∏–µ –≤ –ª–∏—á–∫—É",1316762833,DollarEuroFrank
89,14809,2022-04-18 10:30:23,"–ö—Ä–∞—Å–Ω–æ–¥–∞—Ä –ø—Ä–æ–¥–∞–º –Ω–∞–ª–∏—á–Ω—ã–µ
–î–æ–ª–ª–∞—Ä $ 92
–ï–≤—Ä–æ     ‚Ç¨ 102
–ù–æ–≤—ã–µ –∫—É–ø—é—Ä—ã, –Ω–æ–≤–æ–≥–æ –æ–±—Ä–∞–∑—Ü–∞. –û–±–º–µ–Ω —Ç–æ–ª—å–∫–æ —á–µ—Ä–µ–∑ –ø—Ä–æ–≤–µ—Ä–∫—É –≤ –∫–∞—Å—Å–µ –±–∞–Ω–∫–∞. –ó–∞–ø—Ä–æ—Å –≤ –ª/—Å",457763062,DollarEuroFrank
90,14807,2022-04-18 10:18:17,,1307818021,DollarEuroFrank
91,14805,2022-04-18 10:15:55,,180609180,DollarEuroFrank
92,14804,2022-04-18 10:12:16,–ë–µ—Ä—É –¥–æ–ª–ª–∞—Ä—ã –≤ –°–®–ê –¥–∞—é —Ä—É–±–ª–∏ –≤ –†–æ—Å—Å–∏–∏,1576366613,DollarEuroFrank
93,14803,2022-04-18 10:08:34,"üí•üí•üí•
–ü—Ä–æ–¥–∞–º $ –≤ –†–æ—Å—Ç–æ–≤–µ –ø–æ 100 —Ä—É–±–ª–µ–π. 100$ –∫—É–ø—é—Ä—ã –Ω–æ–≤–æ–≥–æ –æ–±—Ä–∞–∑—Ü–∞. 3000$",220192010,DollarEuroFrank
94,14802,2022-04-18 10:08:16,–ü—Ä–æ–¥–∞–º 100$ (–Ω–æ–≤–∞—è –∫—É–ø—é—Ä–∞) - –ø–æ 100 —Ä –∑–∞ $ –ñ–µ–ª–µ–∑–Ω–æ–≤–æ–¥—Å–∫,1775074040,DollarEuroFrank
95,14801,2022-04-18 10:04:27,"–ö—É–ø–ª—é  –¥–æ 3400$ –ø–æ 87,5 –ú–æ—Å–∫–≤–∞ –ø—Ä–∏–µ–¥—É –∫ –≤–∞–º",5347834892,DollarEuroFrank
96,14800,2022-04-18 10:04:08,"–ö—É–ø–ª—é –æ—Ç 5000 $ –ø–æ 88, ‚Ç¨ –ø–æ 95 –ó–µ–ª–µ–Ω–æ–≥—Ä–∞–¥ –ú.–û.",5180046433,DollarEuroFrank
97,14799,2022-04-18 09:56:55,–ü—Ä–æ–¥–∞–º –¥–æ–ª–ª–∞—Ä—ã –ï–∫–∞—Ç–µ—Ä–∏–Ω–±—É—Ä–≥,94365040,DollarEuroFrank
98,14798,2022-04-18 09:53:28,–ü—Ä–æ–¥–∞–º $ 500 - –ø–æ 92 ‚ÇΩ –º—Å–∫,731896425,DollarEuroFrank
99,14796,2022-04-18 09:43:29,–ë–µ—Ä—É –¥–æ–ª–ª–∞—Ä—ã –≤ –°–®–ê –¥–∞—é —Ä—É–±–ª–∏ –≤ –†–æ—Å—Å–∏–∏,1576366613,DollarEuroFrank
100,14795,2022-04-18 09:43:24,"–ü—Ä–æ–¥–∞–º $ –Ω–∞–ª–∏—á–∫–∞,93—Ä.–°–µ–≤–∞—Å—Ç–æ–ø–æ–ª—å",5145005279,DollarEuroFrank
101,14794,2022-04-18 09:40:25,"–ü—Ä–æ–¥–∞–º $ –ø–æ 92,–ú–æ—Å–∫–≤–∞ —é–≥–æ-–∑–∞–ø–∞–¥",578982915,DollarEuroFrank
102,14793,2022-04-18 09:39:42,"20–∫ $, –Ω–æ–≤—å—ë, –ø–æ 130 –∑–∞ 1$
–í –ª—Å",2126609852,DollarEuroFrank
103,14792,2022-04-18 09:39:17,–°–∞—Ä–∞—Ç–æ–≤ –ø—Ä–æ–¥–∞–º $ –ø–æ 90,2045518193,DollarEuroFrank
104,14791,2022-04-18 09:05:28,,1615562623,DollarEuroFrank
105,14790,2022-04-18 09:00:53,"–ü—Ä–æ–¥–∞–º –¥–æ 3000$ –ø–æ 90
–ú—Å–∫",463769127,DollarEuroFrank
106,14789,2022-04-18 09:00:16,–ü—Ä–æ–¥–∞–º $ 500 - –ø–æ 92 ‚ÇΩ –º—Å–∫,731896425,DollarEuroFrank
107,14788,2022-04-18 08:55:03,"–ö—É–ø–ª—é  –¥–æ 3400$ –ø–æ 87,5 –ú–æ—Å–∫–≤–∞ –ø—Ä–∏–µ–¥—É –∫ –≤–∞–º",5347834892,DollarEuroFrank
108,14787,2022-04-18 08:46:09,–ë–µ—Ä—É –¥–æ–ª–ª–∞—Ä—ã –≤ –°–®–ê –¥–∞—é —Ä—É–±–ª–∏ –≤ –†–æ—Å—Å–∏–∏,1576366613,DollarEuroFrank
109,14786,2022-04-18 08:41:31,"–î–æ–±—Ä–æ–≥–æ –≤—Ä–µ–º–µ–Ω–∏! 
–ü—Ä–æ–¥–∞–º 5400$ –ø–æ 95‚ÇΩ
–ü—Ä–æ–≤–µ—Ä–∫–∞ –≤ –±–∞–Ω–∫–µ.
–î–æ–ª–ª–∞—Ä—ã –Ω–æ–≤–æ–≥–æ –æ–±—Ä–∞–∑—Ü–∞.
–°–ü–±",592213042,DollarEuroFrank
110,14785,2022-04-18 08:37:41,–ü—Ä–æ–¥–∞–∂–∞ $ –†–æ—Å—Ç–æ–≤—Å–∫–∞—è –æ–±–ª–∞—Å—Ç—å –ø–æ üíØ‚ÇΩ,5106717537,DollarEuroFrank
111,14784,2022-04-18 08:37:30,,1481368564,DollarEuroFrank
112,14783,2022-04-18 08:32:57,"–ü—Ä–æ–¥–∞–º $
–ù–æ–≤—ã–µ 
–†–°–û-–ê–ª–∞–Ω–∏—è",963881008,DollarEuroFrank
113,14782,2022-04-18 08:31:30,–ü—Ä–æ–¥–∞–º $$$ –ø–æ 90,1731751957,DollarEuroFrank
114,14781,2022-04-18 08:25:51,,1541859794,DollarEuroFrank
115,14780,2022-04-18 08:20:05,–ü—Ä–æ–¥–∞–º $ –ß–µ–ª—è–±–∏–Ω—Å–∫,2096126773,DollarEuroFrank
116,14779,2022-04-18 08:17:28,–ë–µ—Ä—É –¥–æ–ª–ª–∞—Ä—ã –≤ –°–®–ê –¥–∞—é —Ä—É–±–ª–∏ –≤ –†–æ—Å—Å–∏–∏,1576366613,DollarEuroFrank
117,14778,2022-04-18 08:05:38,"–ï—Å—Ç—å 3300 –¥–æ–ª–ª–∞—Ä–æ–≤ —Ä–∞–∑–Ω—ã–º–∏ –∫—É–ø—é—Ä–∞–º–∏ (100,50,20) –ø—Ä–æ–¥–∞–º –ø–æ 90—Ä
–ú–æ—Å–∫–≤–∞, –í–ê–û",5045361587,DollarEuroFrank
118,14777,2022-04-18 08:01:46,–ë–µ—Ä—É –¥–æ–ª–ª–∞—Ä—ã –≤ –°–®–ê –¥–∞—é —Ä—É–±–ª–∏ –≤ –†–æ—Å—Å–∏–∏,1576366613,DollarEuroFrank
119,14776,2022-04-18 07:58:28,,280407327,DollarEuroFrank
120,14775,2022-04-18 07:56:38,"–ö—É–ø–ª—é 10500‚Ç¨ –≤ –ü–∏—Ç–µ—Ä–µ! üí∂
–ó–∞–≤—Ç—Ä–∞. –ë–æ–ª—å—à–µ, —á–µ–º –ø–æ 100‚ÇΩ - –æ—Å—Ç–∞–≤—å—Ç–µ —Å–µ–±–µ 
–ü—Ä–µ–¥–ª–æ–∂–µ–Ω–∏—è –≤ –ª—Å",177782077,DollarEuroFrank
121,14774,2022-04-18 07:51:12,"–ü—Ä–æ–¥–∞–º –µ–≤—Ä–æ –ø–æ 100, –°–ü–±",2024610916,DollarEuroFrank
122,14773,2022-04-18 07:44:14,–ë–µ—Ä—É –¥–æ–ª–ª–∞—Ä—ã –≤ –°–®–ê –¥–∞—é —Ä—É–±–ª–∏ –≤ –†–æ—Å—Å–∏–∏,1576366613,DollarEuroFrank
123,14772,2022-04-18 07:31:53,–ü—Ä–æ–¥–∞–º $ 500 - –ø–æ 92 ‚ÇΩ –º—Å–∫,731896425,DollarEuroFrank
124,14771,2022-04-18 07:17:14,–ü—Ä–æ–¥–∞–º 1200 –¥–æ–ª–ª–∞—Ä–æ–≤ –≤ –¢—é–º–µ–Ω–∏,1728345231,DollarEuroFrank
125,14770,2022-04-18 07:07:41,–ü—Ä–æ–¥–∞–º 2000 ‚Ç¨ –≤ –ß–µ–ª—è–±–∏–Ω—Å–∫–µ,5059223288,DollarEuroFrank
126,14769,2022-04-18 07:02:22,–ü—Ä–æ–¥–∞–º 1000‚Ç¨ –ß–µ–ª—è–±–∏–Ω—Å–∫,271272148,DollarEuroFrank
127,14768,2022-04-18 06:05:21,"–ö—É–ø–ª—é  –¥–æ 3400$ –ø–æ 87,5 –ú–æ—Å–∫–≤–∞ –ø—Ä–∏–µ–¥—É –∫ –≤–∞–º",5347834892,DollarEuroFrank
128,14767,2022-04-18 05:52:55,"–î–∞—é –¥–æ–ª–ª–∞—Ä –≤ –°–®–ê, –±–µ—Ä—É  –≤ –ú–æ—Å–∫–≤–µ —Ä—É–±–ª—å ,–ø—Ä–µ–¥–ª–æ–∂–µ–Ω–∏–∏ –≤ –ª–∏—á–∫—É  Zelle –ø–æ –°–®–ê",5250812163,DollarEuroFrank
129,14766,2022-04-18 04:37:51,–ü—Ä–æ–¥–∞–º $$ –ø–æ 95 –ï–ö–ë,2002214196,DollarEuroFrank
130,14764,2022-04-18 02:57:49,–ö—É–ø–ª—é –¥–æ–ª–ª–∞—Ä—ã –≤ –û–º—Å–∫–µ,990376925,DollarEuroFrank
131,14763,2022-04-18 02:55:27,"–î–∞—é –¥–æ–ª–ª–∞—Ä –≤ –°–®–ê, –±–µ—Ä—É  –≤ –ú–æ—Å–∫–≤–µ —Ä—É–±–ª—å ,–ø—Ä–µ–¥–ª–æ–∂–µ–Ω–∏–∏ –≤ –ª–∏—á–∫—É  Zelle –ø–æ –°–®–ê",5250812163,DollarEuroFrank
132,14762,2022-04-18 02:35:53,"–í –ì–µ—Ä–º–∞–Ω–∏–∏ –µ—Å—Ç—å –µ–≤—Ä–æ –ø–æ –∫—É—Ä—Å—É 100—Ä, –≤ –ú–æ—Å–∫–≤–µ –±–µ—Ä—É —Ä—É–±–ª–∏, –ø—Ä–µ–¥–ª–æ–∂–µ–Ω–∏–µ –≤ –ª–∏—á–∫—É",1316762833,DollarEuroFrank
133,14761,2022-04-18 02:08:50,,862967425,DollarEuroFrank
134,14760,2022-04-18 02:03:07,–•–∞–±–∞—Ä–æ–≤—Å–∫ üíµ,2116516130,DollarEuroFrank
135,14759,2022-04-18 01:27:38,üÜò–ú–æ—Å–∫–≤–∞ –°–ó–ê–û –ø—Ä–æ–¥–∞–º 3000$ –ø–æ 97‚ùóÔ∏è–ø–∏—Å–∞—Ç—å –≤ –ª—Å,537932752,DollarEuroFrank
136,14758,2022-04-18 01:24:23,–ü—Ä–æ–¥–∞–º $ –ø–æ 100 –º—Å–∫ —é–≥,210459547,DollarEuroFrank
137,14757,2022-04-18 01:04:57,,5244179272,DollarEuroFrank
138,14756,2022-04-18 01:01:00,"–ü—Ä–æ–¥–∞–º $ –ø–æ 92,–ú–æ—Å–∫–≤–∞ —é–≥–æ-–∑–∞–ø–∞–¥",578982915,DollarEuroFrank
139,14755,2022-04-18 00:49:50,,80035485,DollarEuroFrank
140,14754,2022-04-18 00:42:03,95—Ä,5184328819,DollarEuroFrank
141,14752,2022-04-18 00:31:57,"–ö—É–ø–ª—é  600 $$$
–ú—Å–∫",515052008,DollarEuroFrank
142,14751,2022-04-17 23:53:49,,563370613,DollarEuroFrank
143,14750,2022-04-17 23:45:42,,1689472938,DollarEuroFrank
144,14749,2022-04-17 22:17:31,,1856940184,DollarEuroFrank
145,14748,2022-04-17 22:02:15,–ö—É–ø–ª—é –¥–æ–ª–ª–∞—Ä,1822686894,DollarEuroFrank
146,14747,2022-04-17 21:59:41,–ü—Ä–æ–¥–∞–º 27–∫ $ –∫—É—Ä—Å 90.5 –º–æ–∂–Ω–æ —á–∞—Å—Ç—è–º–∏ –ú–æ—Å–∫–≤–∞,1414683716,DollarEuroFrank
147,14746,2022-04-17 21:33:41,–¢–æ–∂–µ –ø—Ä–æ–¥–∞–º –Ω–µ–º–Ω–æ–≥–æ –¥–æ–ª–ª–∞—Ä–æ–≤ –ø–æ 92,5184328819,DollarEuroFrank
148,14745,2022-04-17 21:18:23,–ü—Ä–æ–¥–∞–º 1200$ —Å–ø–± –ø–æ 92,373790910,DollarEuroFrank
149,14744,2022-04-17 21:17:31,"–î–∞—é –¥–æ–ª–ª–∞—Ä –≤ –°–®–ê, –±–µ—Ä—É  –≤ –ú–æ—Å–∫–≤–µ —Ä—É–±–ª—å ,–ø—Ä–µ–¥–ª–æ–∂–µ–Ω–∏–∏ –≤ –ª–∏—á–∫—É  Zelle –ø–æ –°–®–ê",5250812163,DollarEuroFrank
150,14743,2022-04-17 21:08:20,–ë–µ—Ä—É –¥–æ–ª–ª–∞—Ä—ã –≤ –°–®–ê –¥–∞—é —Ä—É–±–ª–∏ –≤ –†–æ—Å—Å–∏–∏,1576366613,DollarEuroFrank
151,14742,2022-04-17 21:04:42,,1863571009,DollarEuroFrank
152,14741,2022-04-17 21:03:17,–ö—É–ø–ª—é  –¥–æ 3400$ –ø–æ 88 –ú–æ—Å–∫–≤–∞ –ø—Ä–∏–µ–¥—É –∫ –≤–∞–º,5347834892,DollarEuroFrank
153,14740,2022-04-17 20:57:27,"–ü—Ä–æ–¥–∞–º $ –ø–æ 92,–ú–æ—Å–∫–≤–∞ —é–≥–æ-–∑–∞–ø–∞–¥",578982915,DollarEuroFrank
154,14739,2022-04-17 20:57:25,–û –Ω–∞—Ä—É—à–µ–Ω–∏—è—Ö –ø–∏—Å–∞—Ç—å –≤ –ª–∏—á–∫—É –º–Ω–µ,860029248,DollarEuroFrank
155,14738,2022-04-17 20:55:01,,833145401,DollarEuroFrank
156,14737,2022-04-17 20:53:20,–ë–µ—Ä—É –¥–æ–ª–ª–∞—Ä—ã –≤ –°–®–ê –¥–∞—é —Ä—É–±–ª–∏ –≤ –†–æ—Å—Å–∏–∏,1576366613,DollarEuroFrank
157,14733,2022-04-17 20:31:43,–ú–æ—Å–∫–≤–∞ –ø—Ä–æ–¥–∞–º –µ–≤—Ä–æ üí∂ –ø–æ 100‚ÇΩ,1036229499,DollarEuroFrank
158,14732,2022-04-17 20:27:44,–ú–æ—Å–∫–≤–∞ –∫—É–ø–ª—é —Å—Ä–æ—á–Ω–æ –ø–æ 89 35000$,5353732800,DollarEuroFrank
159,14731,2022-04-17 20:25:51,–ë–µ—Ä—É –¥–æ–ª–ª–∞—Ä—ã –≤ –°–®–ê –¥–∞—é —Ä—É–±–ª–∏ –≤ –†–æ—Å—Å–∏–∏,1576366613,DollarEuroFrank
160,14730,2022-04-17 20:25:49,üÜò–ú–æ—Å–∫–≤–∞ –°–ó–ê–û –ø—Ä–æ–¥–∞–º 3000$ –ø–æ 97‚ùóÔ∏è–ø–∏—Å–∞—Ç—å –≤ –ª—Å,537932752,DollarEuroFrank
161,14729,2022-04-17 20:24:05,–ö—É–ø–ª—é  –¥–æ 3400$ –ø–æ 88 –ú–æ—Å–∫–≤–∞ –ø—Ä–∏–µ–¥—É –∫ –≤–∞–º,5246962078,DollarEuroFrank
162,14728,2022-04-17 20:23:50,–ü—Ä–æ–¥–∞–º –¥–æ–ª–ª–∞—Ä—ã –ï–∫–∞—Ç–µ—Ä–∏–Ω–±—É—Ä–≥,94365040,DollarEuroFrank
163,14726,2022-04-17 20:18:45,–ü—Ä–æ–¥–∞–º $ –≤ –†–æ—Å—Ç–æ–≤–µ –ø–æ 100 —Ä—É–±–ª–µ–π –∑–∞ 1 –µ–¥–∏–Ω–∏—Ü—É. 100$ –∫—É–ø—é—Ä—ã –Ω–æ–≤–æ–≥–æ –æ–±—Ä–∞–∑—Ü–∞. 3000$,220192010,DollarEuroFrank
164,14725,2022-04-17 20:16:52,,220192010,DollarEuroFrank
165,14724,2022-04-17 20:13:15,,402139072,DollarEuroFrank
166,14722,2022-04-17 19:57:41,"–í –ì–µ—Ä–º–∞–Ω–∏–∏ –µ—Å—Ç—å –µ–≤—Ä–æ –ø–æ –∫—É—Ä—Å—É 100—Ä, –≤ –ú–æ—Å–∫–≤–µ –±–µ—Ä—É —Ä—É–±–ª–∏, –ø—Ä–µ–¥–ª–æ–∂–µ–Ω–∏–µ –≤ –ª–∏—á–∫—É",1316762833,DollarEuroFrank
167,14721,2022-04-17 19:41:45,"–ü—Ä–æ–¥–∞–µ–º $ 92—Ä
–ß–µ—Å—Ç–Ω–æ, –±–µ–∑–æ–ø–∞—Å–Ω–æ, –ø—Ä–æ–≤–µ—Ä–∫–∞ –≤ –±–∞–Ω–∫–µ –∏ —Ç–¥",5045361587,DollarEuroFrank
168,14720,2022-04-17 19:32:01,–ö—É–ø–ª—é 35000$ –ø–æ 88.5,5353732800,DollarEuroFrank
169,14719,2022-04-17 19:28:41,,1750082761,DollarEuroFrank
170,14718,2022-04-17 19:15:04,,818067526,DollarEuroFrank
171,14717,2022-04-17 19:12:06,"–ö—É–ø–ª—é –¥–æ–ª–ª–∞—Ä –ø–æ 89
–ú–æ—Å–∫–≤–∞",291223812,DollarEuroFrank
172,14716,2022-04-17 18:49:09,–ü—Ä–æ–¥–∞–º –¥–æ 3300$ –ø–æ 90 –ú–æ—Å–∫–≤–∞ –ø—Ä–∏–µ–¥—É –∫ –≤–∞–º,5309686315,DollarEuroFrank
173,14714,2022-04-17 18:33:32,"–û–±–º–µ–Ω—è—é 3000$(–∫—É–ø—é—Ä—ã 100$ –Ω–æ–≤—ã–µ) –≤ –ù–∏–∂–Ω–µ–º –ù–æ–≤–≥–æ—Ä–æ–¥–µ.
–ö—É—Ä—Å 1$=105‚ÇΩ 
–û–±–º–µ–Ω –≤ –ª—é–±–æ–º –æ—Ç–¥–µ–ª–µ–Ω–∏–∏ —Å–±–µ—Ä–±–∞–Ω–∫–∞ –ø–æ –≥–æ—Ä–æ–¥—É,—Å –ø—Ä–æ–≤–µ—Ä–∫–æ–π –≤ –∫–∞—Å—Å–µ.",503260035,DollarEuroFrank
174,14713,2022-04-17 18:31:08,–ü—Ä–æ–¥–∞–º $ 500 - –ø–æ 92 ‚ÇΩ –º—Å–∫,731896425,DollarEuroFrank
175,14712,2022-04-17 18:18:59,"–ü—Ä–æ–¥–∞–º –ó–µ–ª–µ–Ω—ã–µ,–Ω–æ–≤—ã–µ –†–°–û-–ê–ª–∞–Ω–∏—è",963881008,DollarEuroFrank
176,14711,2022-04-17 18:15:44,"–î–∞—é –¥–æ–ª–ª–∞—Ä –≤ –°–®–ê, –±–µ—Ä—É  –≤ –ú–æ—Å–∫–≤–µ —Ä—É–±–ª—å ,–ø—Ä–µ–¥–ª–æ–∂–µ–Ω–∏–∏ –≤ –ª–∏—á–∫—É  Zelle –ø–æ –°–®–ê",5250812163,DollarEuroFrank
177,14710,2022-04-17 18:08:54,"–ü—Ä–æ–¥–∞–º $ –ø–æ 92,–ú–æ—Å–∫–≤–∞ —é–≥–æ-–∑–∞–ø–∞–¥",578982915,DollarEuroFrank
178,14709,2022-04-17 17:58:16,,5209445411,DollarEuroFrank
179,14708,2022-04-17 17:49:04,"–ü—Ä–æ–¥–∞–º —Å–µ–≥–æ–¥–Ω—è 1000$ –ø–æ 91.
–ö–∞–∑–∞–Ω—å",378203511,DollarEuroFrank
180,14707,2022-04-17 17:48:22,üíµ–ü—Ä–æ–¥–∞–º 1000$ -90‚ÇΩ —Å–µ–≥–æ–¥–Ω—è –ú–æ—Å–∫–≤–∞,355153480,DollarEuroFrank
181,14705,2022-04-17 17:42:44,"1000$ –ø–æ 90 —Ä—É–±, –º—Å–∫",546186049,DollarEuroFrank
182,14704,2022-04-17 17:37:22,üÜò–ú–æ—Å–∫–≤–∞ –°–ó–ê–û –ø—Ä–æ–¥–∞–º 3000$ –ø–æ 97‚ùóÔ∏è–ø–∏—Å–∞—Ç—å –≤ –ª—Å,537932752,DollarEuroFrank
183,14703,2022-04-17 17:30:30,,804205735,DollarEuroFrank
184,14702,2022-04-17 17:28:17,,548047188,DollarEuroFrank
185,14700,2022-04-17 17:05:10,,5269709825,DollarEuroFrank
186,14699,2022-04-17 16:48:56,"–ö—É–ø–ª—é $ –ù–æ–≤–æ–≥–æ –æ–±—Ä–∞–∑—Ü–∞ 87—Ä
–°—Ç–∞—Ä–æ–≥–æ –∏ –≤—Å—è–∫–∏–π –Ω–µ–ª–∏–∫–≤–∏–¥ –ø–æ 80—Ä.
–ü–∏—Å–∞—Ç—å –≤ –ª–∏—á–∫—É",5184328819,DollarEuroFrank
187,14698,2022-04-17 16:41:11,"–ö—É–ø–∏–º $ 88p
–ü—Ä–æ–¥–∞–µ–º $ 92—Ä
–ß–µ—Å—Ç–Ω–æ, –±–µ–∑–æ–ø–∞—Å–Ω–æ, –ø—Ä–æ–≤–µ—Ä–∫–∞ –≤ –±–∞–Ω–∫–µ –∏ —Ç–¥",5045361587,DollarEuroFrank
188,14697,2022-04-17 16:27:05,üÜò–ú–æ—Å–∫–≤–∞ –°–ó–ê–û –ø—Ä–æ–¥–∞–º 3000$ –ø–æ 97‚ùóÔ∏è–ø–∏—Å–∞—Ç—å –≤ –ª—Å,537932752,DollarEuroFrank
189,14696,2022-04-17 16:17:37,–ü—Ä–æ–¥–∞–º $ 500 - –ø–æ 92 ‚ÇΩ –º—Å–∫,731896425,DollarEuroFrank
190,14694,2022-04-17 16:00:30,"–î–∞—é –¥–æ–ª–ª–∞—Ä –≤ –°–®–ê, –±–µ—Ä—É  –≤ –ú–æ—Å–∫–≤–µ —Ä—É–±–ª—å ,–ø—Ä–µ–¥–ª–æ–∂–µ–Ω–∏–∏ –≤ –ª–∏—á–∫—É  Zelle –ø–æ –°–®–ê",5250812163,DollarEuroFrank
191,14693,2022-04-17 15:51:28,"–ü—Ä–æ–¥–∞–º $ –ø–æ 92,–ú–æ—Å–∫–≤–∞ —é–≥–æ-–∑–∞–ø–∞–¥",578982915,DollarEuroFrank
192,14692,2022-04-17 15:50:05,,5246962078,DollarEuroFrank
193,14691,2022-04-17 15:49:49,,5347834892,DollarEuroFrank
194,14690,2022-04-17 15:08:37,–ü—Ä–æ–¥–∞–º –¥–æ–ª–ª–∞—Ä—ã –ï–∫–∞—Ç–µ—Ä–∏–Ω–±—É—Ä–≥,94365040,DollarEuroFrank
195,14689,2022-04-17 15:08:30,–ü—Ä–æ–¥–∞–º –¥–æ 3250$ –ø–æ 90 –ú–æ—Å–∫–≤–∞ –ø—Ä–∏–µ–¥—É –∫ –≤–∞–º,5309686315,DollarEuroFrank
196,14688,2022-04-17 15:08:16,"–ü—Ä–æ–¥–∞–º –¥–æ–ª–ª–∞—Ä 91 (—Å–µ–≥–æ–¥–Ω—è) –∫—É–ø—é—Ä—ã –Ω–æ–≤–æ–≥–æ –æ–±—Ä–∞–∑—Ü–∞, –ú–æ—Å–∫–≤–∞, –∑–∞–ø–∞–¥,  —Ü–µ–Ω—Ç—Ä , –≤—Å—Ç—Ä–µ—á–∞ –≤ –±–∞–Ω–∫–µ",263773408,DollarEuroFrank
197,14687,2022-04-17 15:01:21,"–ö—É–ø–ª—é 20 000 $ 
–ö—Ä–∞—Å–Ω–æ–¥–∞—Ä/–ú–æ—Å–∫–≤–∞
–ü—Ä–µ–¥–ª–æ–∂–µ–Ω–∏—è –≤ –õ–°",753774754,DollarEuroFrank
198,14686,2022-04-17 14:59:18,üíµ–ü—Ä–æ–¥–∞–º 1000$ –ú–æ—Å–∫–≤–∞ —Å–µ–≥–æ–¥–Ω—è,355153480,DollarEuroFrank
199,14685,2022-04-17 14:58:04,"–ø—Ä–æ–¥–∞–º $ 92—Ä, –ú–æ—Å–∫–≤–∞",5184328819,DollarEuroFrank
200,14683,2022-04-17 14:53:54,"–ü—Ä–æ–¥–∞–º –¥–æ–ª–ª–∞—Ä –£—Ñ–∞, 97",1802265307,DollarEuroFrank
201,14682,2022-04-17 14:53:30,üÜò–ú–æ—Å–∫–≤–∞ –°–ó–ê–û –ø—Ä–æ–¥–∞–º 3000$ –ø–æ 97‚ùóÔ∏è–ø–∏—Å–∞—Ç—å –≤ –ª—Å,537932752,DollarEuroFrank
202,14681,2022-04-17 14:50:26,"–î–∞—é –¥–æ–ª–ª–∞—Ä –≤ –°–®–ê, –±–µ—Ä—É  –≤ –ú–æ—Å–∫–≤–µ —Ä—É–±–ª—å ,–ø—Ä–µ–¥–ª–æ–∂–µ–Ω–∏–∏ –≤ –ª–∏—á–∫—É  Zelle –ø–æ –°–®–ê",5250812163,DollarEuroFrank
203,14680,2022-04-17 14:47:58,"–í –ì–µ—Ä–º–∞–Ω–∏–∏ –µ—Å—Ç—å –µ–≤—Ä–æ –ø–æ –∫—É—Ä—Å—É 100—Ä, –≤ –ú–æ—Å–∫–≤–µ –±–µ—Ä—É —Ä—É–±–ª–∏, –ø—Ä–µ–¥–ª–æ–∂–µ–Ω–∏–µ –≤ –ª–∏—á–∫—É",1316762833,DollarEuroFrank
204,14679,2022-04-17 14:44:33,"–ü—Ä–æ–¥–∞–º 27–∫ $ –º–æ–∂–Ω–æ —á–∞—Å—Ç—è–º–∏ –ú–æ—Å–∫–≤–∞
–°–≤–æ–∏ –ø—Ä–µ–¥–ª–æ–∂–µ–Ω–∏—è –ø–∏—à–∏—Ç–µ –≤ –ª—Å",1414683716,DollarEuroFrank
205,14678,2022-04-17 14:32:47,"–ö—É–ø–∏–º $ 88p
–ü—Ä–æ–¥–∞–µ–º $ 92—Ä
–ß–µ—Å—Ç–Ω–æ, –±–µ–∑–æ–ø–∞—Å–Ω–æ, –ø—Ä–æ–≤–µ—Ä–∫–∞ –≤ –±–∞–Ω–∫–µ –∏ —Ç–¥",5045361587,DollarEuroFrank
206,14677,2022-04-17 14:30:15,,288159835,DollarEuroFrank
207,14676,2022-04-17 14:22:35,"–ü—Ä–æ–¥–∞–º 700$,–ü–µ–Ω–∑–∞.",5114338336,DollarEuroFrank
208,14675,2022-04-17 14:14:49,üíµ–ü—Ä–æ–¥–∞–º 1000$ –º–æ—Å–∫–≤–∞ —Å–µ–≥–æ–¥–Ω—è,355153480,DollarEuroFrank
209,14674,2022-04-17 14:14:00,–ë–µ—Ä—É –¥–æ–ª–ª–∞—Ä—ã –≤ –°–®–ê –¥–∞—é —Ä—É–±–ª–∏ –≤ –†–æ—Å—Å–∏–∏,1576366613,DollarEuroFrank
210,14673,2022-04-17 14:02:40,,805161311,DollarEuroFrank
211,14672,2022-04-17 14:02:02,"–ü—Ä–æ–¥–∞–º $ –ø–æ 92,–ú–æ—Å–∫–≤–∞ —é–≥–æ-–∑–∞–ø–∞–¥",578982915,DollarEuroFrank
212,14671,2022-04-17 14:01:50,"–ü—Ä–æ–¥–∞–º 27–∫ $ –ö—É—Ä—Å 91 –ú–æ—Å–∫–≤–∞
–¢–∞–∫ –∂–µ –º–æ–∂–Ω–æ —á–∞—Å—Ç—è–º–∏",1414683716,DollarEuroFrank
213,14670,2022-04-17 13:58:59,–ë–µ—Ä—É –¥–æ–ª–ª–∞—Ä—ã –≤ –°–®–ê –¥–∞—é —Ä—É–±–ª–∏ –≤ –†–æ—Å—Å–∏–∏,1576366613,DollarEuroFrank
214,14669,2022-04-17 13:55:02,–ü—Ä–æ–¥–∞–º $ 500 - –ø–æ 93 –º—Å–∫,731896425,DollarEuroFrank
215,14666,2022-04-17 13:34:41,–ë–µ—Ä—É –¥–æ–ª–ª–∞—Ä—ã –≤ –°–®–ê –¥–∞—é —Ä—É–±–ª–∏ –≤ –†–æ—Å—Å–∏–∏,1576366613,DollarEuroFrank
216,14665,2022-04-17 13:29:59,–ü—Ä–æ–¥–∞–º 1000 –¥–æ–ª–ª–∞—Ä–æ–≤ –ø–æ 90 –°–∞–Ω–∫—Ç-–ü–µ—Ç–µ—Ä–±—É—Ä–≥–µ,908564806,DollarEuroFrank
217,14664,2022-04-17 13:23:36,,830655657,DollarEuroFrank
218,14663,2022-04-17 13:22:02,,908564806,DollarEuroFrank
219,14661,2022-04-17 13:03:32,,5379751331,DollarEuroFrank
220,14660,2022-04-17 12:59:58,üíµ–ü—Ä–æ–¥–∞–º 1000$ –º–æ—Å–∫–≤–∞ —Å–µ–≥–æ–¥–Ω—è,355153480,DollarEuroFrank
221,14659,2022-04-17 12:54:27,–ü—Ä–æ–¥–∞–º –¥–æ 600 –µ–≤—Ä–æ. –ö—É—Ä—Å 110. –ú–æ—Å–∫–≤–∞. –í—Å—Ç—Ä–µ—á–∞ –≤ –±–∞–Ω–∫–µ. –ü–∏—Å–∞—Ç—å –≤ –ª–∏—á–∫—É,834343891,DollarEuroFrank
222,14658,2022-04-17 12:30:12,,345045196,DollarEuroFrank
223,14657,2022-04-17 12:21:12,–ü—Ä–æ–¥–∞–º –¥–æ–ª–ª–∞—Ä—ã –ï–∫–∞—Ç–µ—Ä–∏–Ω–±—É—Ä–≥,94365040,DollarEuroFrank
224,14656,2022-04-17 12:14:18,üö¶üíµüö¶–ü—Ä–æ–¥–∞–º 1000$ –º–æ—Å–∫–≤–∞ —Å–µ–≥–æ–¥–Ω—è,355153480,DollarEuroFrank
225,14655,2022-04-17 12:12:31,–ë–µ—Ä—É –¥–æ–ª–ª–∞—Ä—ã —Å –°–®–ê –¥–∞—é —Ä—É–±–ª–∏ –≤ –†–æ—Å—Å–∏–∏,1576366613,DollarEuroFrank
226,14654,2022-04-17 12:12:04,–ü—Ä–æ–¥–∞–º –µ–≤—Ä–æ –ß–µ–ª—è–±–∏–Ω—Å–∫,271272148,DollarEuroFrank
227,14653,2022-04-17 12:04:40,–ö—É–ø–ª—é $ –ö—Ä–∞—Å–Ω–æ–¥–∞—Ä,284684077,DollarEuroFrank
228,14652,2022-04-17 12:03:25,–ü—Ä–æ–¥–∞–º 3500$ –ø–æ 90 –°–ü–ë,831676468,DollarEuroFrank
229,14651,2022-04-17 11:47:01,üÜò–ú–æ—Å–∫–≤–∞ –°–ó–ê–û –ø—Ä–æ–¥–∞–º 3000$ –ø–æ 97‚ùóÔ∏è–ø–∏—Å–∞—Ç—å –≤ –ª—Å,537932752,DollarEuroFrank
230,14650,2022-04-17 11:46:05,–ú–æ–ª–æ–¥–µ—Ü,291223812,DollarEuroFrank
231,14648,2022-04-17 11:32:45,–ë–∞–∫—Å 95 –ø—Ä–æ–¥–∞–º –ø–µ—Ä–º—å,1078382155,DollarEuroFrank
232,14646,2022-04-17 11:23:25,"–ú–æ—Å–∫–≤–∞
–ü—Ä–æ–¥–∞–º 40000$ –ø–æ 90
–ü—Ä–æ–≤–µ—Ä–∫–∞ –±–∞–Ω–∫/–±–∞–Ω–∫–æ–º–∞—Ç",291223812,DollarEuroFrank
233,14645,2022-04-17 11:14:35,"–ü—Ä–æ–¥–∞–º $ –ø–æ 92,–ú–æ—Å–∫–≤–∞ —é–≥–æ-–∑–∞–ø–∞–¥",578982915,DollarEuroFrank
234,14644,2022-04-17 10:52:30,"–ö—É–ø–ª—é –¥–æ–ª–ª–∞—Ä 89, –µ–≤—Ä–æ 97 –ª—é–±—ã–µ –æ–±—ä—ë–º—ã",1822686894,DollarEuroFrank
235,14643,2022-04-17 10:49:50,"–ü—Ä–æ–¥–∞–º –æ—Ç 1000 –µ–≤—Ä–æ –ø–æ –∫—É—Ä—Å—É 100 –∑–∞ –µ–≤—Ä–æ , –ú–æ—Å–∫–≤–∞.",509414141,DollarEuroFrank
236,14642,2022-04-17 10:33:23,üîπüíµ–ü—Ä–æ–¥–∞–º 1000$ –º–æ—Å–∫–≤–∞ —Å–µ–≥–æ–¥–Ω—è,355153480,DollarEuroFrank
237,14641,2022-04-17 10:30:23,–ü—Ä–æ–¥–∞–º 5000$ –ø–æ 95 –°–ü–ë –í—Å—Ç—Ä–µ—á–∞ –≤ –±–∞–Ω–∫–µ.,538071065,DollarEuroFrank
238,14640,2022-04-17 10:27:40,,5005348071,DollarEuroFrank
239,14639,2022-04-17 10:27:34,–ü—Ä–æ–¥–∞–º –µ–≤—Ä–æ –í–æ–ª–æ–≥–¥–∞,1733443344,DollarEuroFrank
240,14638,2022-04-17 10:23:53,,117636019,DollarEuroFrank
241,14637,2022-04-17 10:21:44,,1228138866,DollarEuroFrank
242,14636,2022-04-17 10:12:30,–ó–¥—Ä–∞–≤—Å—Ç–≤—É–π—Ç–µ. –ü—Ä–æ–¥–∞–º –¥–æ 600 –µ–≤—Ä–æ. –ú–æ—Å–∫–≤–∞. –ö—É—Ä—Å 110. –í—Å—Ç—Ä–µ—á–∞ –≤ –±–∞–Ω–∫–µ. –ü–∏—Å–∞—Ç—å –≤ –ª–∏—á–∫—É,834343891,DollarEuroFrank
243,14635,2022-04-17 10:04:13,–ö—É–ø–ª—é/–ø—Ä–æ–¥–∞–º –º–Ω–æ–≥–æ –≤–∞–ª—é—Ç—ã/USDT,1822686894,DollarEuroFrank
244,14634,2022-04-17 10:02:19,"–ü—Ä–æ–¥–∞—é –¥–æ–ª–ª–∞—Ä—ã, –∫–∞–∑–∞–Ω—å.
92 —Ä—É–±. –ö—É–ø—é—Ä—ã –Ω–æ–≤—ã–µ.",378203511,DollarEuroFrank
245,14633,2022-04-17 10:00:44,"–ö—É–ø–∏–º $ 88p
–ü—Ä–æ–¥–∞–µ–º $ 92—Ä
–ß–µ—Å—Ç–Ω–æ, –±–µ–∑–æ–ø–∞—Å–Ω–æ, –ø—Ä–æ–≤–µ—Ä–∫–∞ –≤ –±–∞–Ω–∫–µ –∏ —Ç–¥",5045361587,DollarEuroFrank
246,14632,2022-04-17 09:57:26,–ö—É–ø–ª—é $ –ö—Ä–∞—Å–Ω–æ–¥–∞—Ä,284684077,DollarEuroFrank
247,14631,2022-04-17 09:54:40,–ü—Ä–æ–¥–∞–º $ –ø–æ 90‚ÇΩ –º–æ—Å–∫–≤–∞ –∏–ª–∏ –∑–∞–ø–∞–¥ –º–æ,142046548,DollarEuroFrank
248,14630,2022-04-17 09:39:11,"–ú–æ—Å–∫–≤–∞. –ü—Ä–æ–¥–∞—é –î–æ–ª–ª–∞—Ä—ã 92—Ä
–ü–æ–∫—É–ø–∞—é –¥–æ–ª–ª–∞—Ä—ã –≤–µ—Ç—Ö–∏–µ, —Å—Ç–∞—Ä—ã–µ, —Å –ø–µ—á–∞—Ç—å—é, –º—è—Ç—ã–µ, –≤—Å—è–∫—É—é –Ω–µ–∫–æ–Ω–¥–∏—Ü–∏—é –∫–æ—Ç–æ—Ä—É—é –Ω–µ –ø—Ä–∏–Ω–∏–º–∞—é—Ç –≤ –±–∞–Ω–∫–∞—Ö –∏ –Ω–µ –ø–æ–∫—É–ø–∞—é—Ç —Å —Ä—É–∫. –° –≤–æ–ø—Ä–æ—Å–∞–º–∏ –≤ –ª–∏—á–∫—É",5184328819,DollarEuroFrank
249,14629,2022-04-17 09:32:13,üîπüíµ–ü—Ä–æ–¥–∞–º 1000$ –º–æ—Å–∫–≤–∞ —Å–µ–≥–æ–¥–Ω—è,355153480,DollarEuroFrank
250,14628,2022-04-17 09:27:01,–ü—Ä–æ–¥–∞–º $ 500 - –ø–æ 93 –º—Å–∫,731896425,DollarEuroFrank
251,14626,2022-04-17 09:02:27,"–í –ì–µ—Ä–º–∞–Ω–∏–∏ –µ—Å—Ç—å –µ–≤—Ä–æ –ø–æ –∫—É—Ä—Å—É 100—Ä, –≤ –ú–æ—Å–∫–≤–µ –±–µ—Ä—É —Ä—É–±–ª–∏, –ø—Ä–µ–¥–ª–æ–∂–µ–Ω–∏–µ –≤ –ª–∏—á–∫—É",1316762833,DollarEuroFrank
252,14625,2022-04-17 08:53:52,"–ö—Ä–∞—Å–Ω–æ–¥–∞—Ä –ø—Ä–æ–¥–∞–º –Ω–∞–ª–∏—á–Ω—ã–µ
–î–æ–ª–ª–∞—Ä $ 92
–ï–≤—Ä–æ     ‚Ç¨ 102
–ù–æ–≤—ã–µ –∫—É–ø—é—Ä—ã, –Ω–æ–≤–æ–≥–æ –æ–±—Ä–∞–∑—Ü–∞. –û–±–º–µ–Ω —Ç–æ–ª—å–∫–æ —á–µ—Ä–µ–∑ –ø—Ä–æ–≤–µ—Ä–∫—É –≤ –∫–∞—Å—Å–µ –±–∞–Ω–∫–∞. –ó–∞–ø—Ä–æ—Å –≤ –ª/—Å",457763062,DollarEuroFrank
253,14623,2022-04-17 08:49:51,–ü—Ä–æ–¥–∞–º –¥–æ–ª–ª–∞—Ä 95 –ø–µ—Ä–º—å,1078382155,DollarEuroFrank
254,14622,2022-04-17 08:43:31,‚Ç¨ 99. –ï–∫–±,1470314840,DollarEuroFrank
255,14621,2022-04-17 08:18:06,–ü—Ä–æ–¥–∞–º $ –°—Ç–∞–≤—Ä–æ–ø–æ–ª—å,5002626140,DollarEuroFrank
256,14620,2022-04-17 07:51:06,–ü—Ä–æ–¥–∞–º üíµ –ö—Ä–∞—Å–Ω–æ–¥–∞—Ä,496552378,DollarEuroFrank
257,14619,2022-04-17 07:46:16,–ü—Ä–æ–¥–∞–º –¥–æ–ª–ª–∞—Ä –ï–∫–∞—Ç–µ—Ä–∏–Ω–±—É—Ä–≥,94365040,DollarEuroFrank
258,14618,2022-04-17 07:43:06,–ú–æ—Å–∫–≤–∞,142046548,DollarEuroFrank
259,14617,2022-04-17 07:26:58,–ü—Ä–æ–¥–∞–º $ –ø–æ 90‚ÇΩ,142046548,DollarEuroFrank
260,14616,2022-04-17 07:26:17,–ó–¥—Ä–∞–≤—Å—Ç–≤—É–π—Ç–µ. –ü—Ä–æ–¥–∞–º –¥–æ 600 –µ–≤—Ä–æ. –ú–æ—Å–∫–≤–∞. –ö—É—Ä—Å 110. –í—Å—Ç—Ä–µ—á–∞ –≤ –±–∞–Ω–∫–µ. –ü–∏—Å–∞—Ç—å –≤ –ª–∏—á–∫—É,834343891,DollarEuroFrank
261,14615,2022-04-17 07:14:38,"–î–∞—é –¥–æ–ª–ª–∞—Ä –≤ –°–®–ê, –±–µ—Ä—É  –≤ –ú–æ—Å–∫–≤–µ —Ä—É–±–ª—å ,–ø—Ä–µ–¥–ª–æ–∂–µ–Ω–∏–∏ –≤ –ª–∏—á–∫—É  Zelle –ø–æ –°–®–ê",5250812163,DollarEuroFrank
262,14614,2022-04-17 06:58:42,–ü—Ä–æ–¥–∞–º $ 500 - –ø–æ 93 –º—Å–∫,731896425,DollarEuroFrank
263,14613,2022-04-17 06:42:49,–ö—É–ø–ª—é $ –ß–µ–ª—è–±–∏–Ω—Å–∫,864724279,DollarEuroFrank
264,14612,2022-04-17 06:42:20,,864724279,DollarEuroFrank
265,14611,2022-04-17 04:50:44,"–ü—Ä–æ–¥–∞–º –¥–æ–ª–ª–∞—Ä—ã –ø–æ 92—Ä, –∫—É–ø—é—Ä—ã –Ω–æ–≤–æ–≥–æ –æ–±—Ä–∞–∑—Ü–∞ , –≤—Å—Ç—Ä–µ—á–∞ –≤ –ú–°–ö —Ü–µ–Ω—Ç—Ä –∏–ª–∏ –∑–∞–ø–∞–¥,  –ø—Ä–æ–≤–µ—Ä–∫–∞ –≤ –±–∞–Ω–∫–µ –∑–∞ —Å—á–µ—Ç –ø–æ–∫—É–ø–∞—Ç–µ–ª—è.",263773408,DollarEuroFrank
266,14610,2022-04-17 04:49:25,–ü—Ä–æ–¥–∞–º 3800$  –ø–æ 95 —Å–ø–±,1351038652,DollarEuroFrank
267,14609,2022-04-17 04:48:16,,1351038652,DollarEuroFrank
268,14608,2022-04-17 04:40:36,"–°–ü–±, –∫—É–ø–ª—é –µ–≤—Ä–æ (300, 96‚ÇΩ/—à—Ç), –¥–æ–ª–ª–∞—Ä—ã (400, 87‚ÇΩ/—à—Ç)",340285512,DollarEuroFrank
269,14607,2022-04-17 04:28:57,–ü—Ä–æ–¥–∞–º –µ–≤—Ä–æ üí∂ –∑–∞ —Ä—É–±–ª–∏ 100 –ø–∏—Å–∞—Ç—å –≤ –ª–∏—á–∫—É,1036229499,DollarEuroFrank
270,14606,2022-04-17 04:25:26,"–î–∞—é –¥–æ–ª–ª–∞—Ä –≤ –°–®–ê, –±–µ—Ä—É  –≤ –ú–æ—Å–∫–≤–µ —Ä—É–±–ª—å ,–ø—Ä–µ–¥–ª–æ–∂–µ–Ω–∏–∏ –≤ –ª–∏—á–∫—É  Zelle –ø–æ –°–®–ê",5250812163,DollarEuroFrank
271,14605,2022-04-17 00:17:00,,379503800,DollarEuroFrank
272,14604,2022-04-17 00:02:02,"–∫—É–ø–ª—é $  –≤–µ—Ç—Ö–∏–µ, —Å—Ç–∞—Ä—ã–µ, —Å –ø–µ—á–∞—Ç—å—è–º–∏, –º—è—Ç—ã–µ, –≤—Å—è–∫—É—é –Ω–µ–∫–æ–Ω–¥–∏—Ü–∏—é –∏ —Ç–¥. –∫–æ—Ç–æ—Ä—É—é –Ω–µ –ø–æ–∫—É–ø–∞—é—Ç —Å —Ä—É–∫ –∏ –Ω–µ –ø—Ä–∏–Ω–∏–º–∞–µ—Ç –±–∞–Ω–∫.
–ü—Ä–æ–¥–∞–º $ –Ω–æ–≤–æ–≥–æ –æ–±—Ä–∞–∑—Ü–∞ 92—Ä",5045361587,DollarEuroFrank
273,14603,2022-04-16 23:42:05,2$ —ç—Ç–æ –º–Ω–æ–≥–æ ?,537932752,DollarEuroFrank
274,14602,2022-04-16 23:26:45,"–ö—É–ø–ª—é –º–Ω–æ–≥–æ –¥–æ–ª–ª–∞—Ä–æ–≤ –ø–æ –≤—Å–µ–π —Å—Ç—Ä–∞–Ω–µ, –ø—Ä–µ–¥–ª–æ–∂–µ–Ω–∏—è –≤ –ª–∏—á–∫—É",1822686894,DollarEuroFrank
275,14601,2022-04-16 23:20:25,–ü—Ä–æ–¥–∞–º –¥–æ–ª–ª–∞—Ä—ã –ï–∫–∞—Ç–µ—Ä–∏–Ω–±—É—Ä–≥,94365040,DollarEuroFrank
276,14600,2022-04-16 23:11:09,,5353732800,DollarEuroFrank
277,14599,2022-04-16 23:10:09,–æ—Ç–¥–∞–º —Ä—É–±–ª–∏ –≤ –°–ü–± –≤ –æ–±–º–µ–Ω –Ω–∞ $ –∏–ª–∏ –º–∞–Ω–∞—Ç—ã –≤ –ë–∞–∫—É,1034846271,DollarEuroFrank
278,14598,2022-04-16 22:36:35,–ü—Ä–æ–¥–∞–º –µ–≤—Ä–æ –ø–æ 100. –ú—Å–∫. –í–æ–ø—Ä–æ—Å—ã –≤ –ª–∏—á–∫—É –ø–ª–∑,543865652,DollarEuroFrank
279,14597,2022-04-16 22:35:26,–ü—Ä–æ–¥–∞–º –î–æ–ª–ª–∞—Ä—ã –≤ –ú–æ—Å–∫–≤–µ 92—Ä,5184328819,DollarEuroFrank
280,14596,2022-04-16 22:31:26,,302338861,DollarEuroFrank
281,14595,2022-04-16 22:11:24,"–ü—Ä–æ–¥–∞–º 5–∫$ –ø–æ 91.5, –ú–°–ö,  –Ω–æ–≤—ã–µ –∫—É–ø—é—Ä—ã,  –ª—é–±—ã–µ –ø—Ä–æ–≤–µ—Ä–∫–∏, –≤—Å—Ç—Ä–µ—á–∞ –≤ —Ü–µ–Ω—Ç—Ä–µ.",263773408,DollarEuroFrank
282,14594,2022-04-16 21:30:08,üÜò–ú–æ—Å–∫–≤–∞ –°–ó–ê–û –ø—Ä–æ–¥–∞–º 3000$ –ø–æ 97‚ùóÔ∏è–ø–∏—Å–∞—Ç—å –≤ –ª—Å,537932752,DollarEuroFrank
283,14593,2022-04-16 21:27:00,–ü—Ä–æ–¥–∞–º $ –ø–æ 92 (500-800$) –Æ–í –†–∞–º–µ–Ω—Å–∫–æ–µ,5049990296,DollarEuroFrank
284,14592,2022-04-16 21:15:08,üîπ–ü—Ä–æ–¥–∞–º –¥–æ–ª–ª–∞—Äüíµüîπ 1000$ –º–æ—Å–∫–≤–∞ —Å–µ–≥–æ–¥–Ω—è,355153480,DollarEuroFrank
285,14591,2022-04-16 21:08:29,,402395652,DollarEuroFrank
286,14589,2022-04-16 20:59:53,"–ü—Ä–æ–¥–∞–º $ –ø–æ 92,–ú–æ—Å–∫–≤–∞ —é–≥–æ-–∑–∞–ø–∞–¥",578982915,DollarEuroFrank
287,14588,2022-04-16 20:41:15,–ö—É–ø–ª—é ‚Ç¨ –ø–æ 95 —Å–∞–º–∞—Ä–∞,1060281600,DollarEuroFrank
288,14587,2022-04-16 20:18:19,"–î–∞—é –¥–æ–ª–ª–∞—Ä –≤ –°–®–ê, –±–µ—Ä—É  –≤ –ú–æ—Å–∫–≤–µ —Ä—É–±–ª—å ,–ø—Ä–µ–¥–ª–æ–∂–µ–Ω–∏–∏ –≤ –ª–∏—á–∫—É  Zelle –ø–æ –°–®–ê",5250812163,DollarEuroFrank
289,14586,2022-04-16 20:16:53,,719029389,DollarEuroFrank
290,14585,2022-04-16 19:42:30,–ö—É–ø–ª—é –º–Ω–æ–≥–æ –≤–∞–ª—é—Ç—ã,1822686894,DollarEuroFrank
291,14584,2022-04-16 19:29:46,"–ö—Ä–∞—Å–Ω–æ–¥–∞—Ä –ø—Ä–æ–¥–∞–º –Ω–∞–ª–∏—á–Ω—ã–µ
–î–æ–ª–ª–∞—Ä $ 92
–ï–≤—Ä–æ     ‚Ç¨ 102
–ù–æ–≤—ã–µ –∫—É–ø—é—Ä—ã, –Ω–æ–≤–æ–≥–æ –æ–±—Ä–∞–∑—Ü–∞. –û–±–º–µ–Ω —Ç–æ–ª—å–∫–æ —á–µ—Ä–µ–∑ –ø—Ä–æ–≤–µ—Ä–∫—É –≤ –∫–∞—Å—Å–µ –±–∞–Ω–∫–∞. –ó–∞–ø—Ä–æ—Å –≤ –ª/—Å",457763062,DollarEuroFrank
292,14581,2022-04-16 19:18:38,–ü—Ä–∏–≤–µ—Ç –ø—Ä–æ–¥–∞–º –¥–æ–ª–ª–∞—Ä—ã –ï–∫–± 100—Ä –ø–∏—à–∏—Ç–µ –≤ –ª–∏—á–∫—É,2002214196,DollarEuroFrank
293,14580,2022-04-16 19:17:42,,2002214196,DollarEuroFrank
294,14579,2022-04-16 19:15:21,–ü—Ä–æ–ª–∞–º 1000$ –º–æ—Å–∫–≤–∞ —Å–µ–≥–æ–¥–Ω—èüíµ,355153480,DollarEuroFrank
295,14578,2022-04-16 19:05:37,–ü—Ä–æ–¥–∞–º $$$ –ø–æ –∫—É—Ä—Å—É 95 ‚ÇΩ üíµ –ß–ï–ë–û–ö–°–ê–†–´,1085927605,DollarEuroFrank
296,14577,2022-04-16 19:04:56,–ö–æ–º—É –Ω—É–∂–Ω–æ –±–µ–∑–æ–ø–∞—Å–Ω–æ –ø—Ä–∏–æ–±—Ä–µ—Å—Ç–∏ $-91—Ä –ø–∏—à–∏—Ç–µ –≤ –ª–∏—á–∫—É. –ú–æ—Å–∫–≤–∞.,5045361587,DollarEuroFrank
297,14576,2022-04-16 19:03:25,,463202050,DollarEuroFrank
298,14575,2022-04-16 18:49:21,–ü—Ä–æ–¥–∞–º $ 500 ‚ÇΩ- –ø–æ 93 –º—Å–∫,731896425,DollarEuroFrank
299,14574,2022-04-16 18:47:23,–ü—Ä–æ–¥–∞–º –µ–≤—Ä–æ –ø–æ 100 –°–µ–≤–∞—Å—Ç–æ–ø–æ–ª—å,419970104,DollarEuroFrank
300,14573,2022-04-16 18:46:15,–ü—Ä–æ–¥–∞–º –µ–≤—Ä–æ –ø–æ 100 –∫–∞–∑–∞–Ω—å,1979272393,DollarEuroFrank
301,14572,2022-04-16 18:45:23,üÜò–ú–æ—Å–∫–≤–∞ –°–ó–ê–û –ø—Ä–æ–¥–∞–º 3000$ –ø–æ 97‚ùóÔ∏è–ø–∏—Å–∞—Ç—å –≤ –ª—Å,537932752,DollarEuroFrank
302,14570,2022-04-16 18:21:03,"–ü—Ä–æ–¥–∞–º $ –Ω–∞–ª–∏—á–∫–∞ ,93—Ä.–°–µ–≤–∞—Å—Ç–æ–ø–æ–ª—å",5145005279,DollarEuroFrank
303,14569,2022-04-16 18:20:05,,5145005279,DollarEuroFrank
304,14568,2022-04-16 18:19:32,üíµüîπ–ü—Ä–æ–¥–∞–º 1000$ —Å–µ–≥–æ–¥–Ω–Ø –º–æ—Å–∫–≤–∞üîπüíµ,355153480,DollarEuroFrank
305,14567,2022-04-16 18:16:47,,201401118,DollarEuroFrank
306,14566,2022-04-16 18:13:17,,5275083727,DollarEuroFrank
307,14564,2022-04-16 18:07:13,"–í –ì–µ—Ä–º–∞–Ω–∏–∏ –µ—Å—Ç—å –µ–≤—Ä–æ –ø–æ –∫—É—Ä—Å—É 100—Ä, –≤ –ú–æ—Å–∫–≤–µ –±–µ—Ä—É —Ä—É–±–ª–∏, –ø—Ä–µ–¥–ª–æ–∂–µ–Ω–∏–µ –≤ –ª–∏—á–∫—É",1316762833,DollarEuroFrank
308,14563,2022-04-16 18:02:51,"–ö—É–ø–ª—é 100‚Ç¨
–ú–æ—Å–∫–≤–∞
–ü–∏—Å–∞—Ç—å –≤ –ª—Å
–ü–æ–¥—ä–µ–¥—É –≤ –ª—é–±–æ–µ –º–µ—Å—Ç–æ",1454487393,DollarEuroFrank
309,14562,2022-04-16 17:55:01,"–û–±–º–µ–Ω—è—é 3000$(–∫—É–ø—é—Ä—ã 100$ –Ω–æ–≤—ã–µ) –≤ –ù–∏–∂–Ω–µ–º –ù–æ–≤–≥–æ—Ä–æ–¥–µ.
–ö—É—Ä—Å 1$=105‚ÇΩ 
–û–±–º–µ–Ω –≤ –ª—é–±–æ–º –æ—Ç–¥–µ–ª–µ–Ω–∏–∏ —Å–±–µ—Ä–±–∞–Ω–∫–∞ –ø–æ –≥–æ—Ä–æ–¥—É,—Å –ø—Ä–æ–≤–µ—Ä–∫–æ–π –≤ –∫–∞—Å—Å–µ.",503260035,DollarEuroFrank
310,14561,2022-04-16 17:43:27,–ù—É–∂–Ω–æ –æ–∫–æ–ª–æ 1000. –ü–∏—à–∏—Ç–µ –≤ –ª–∏—á–∫—É.,663484877,DollarEuroFrank
311,14560,2022-04-16 17:39:06,–ï–∫–±. ‚Ç¨ 98,1470314840,DollarEuroFrank
312,14559,2022-04-16 17:38:28,–ö—É–ø–ª—é 200–∫ –¥–æ–ª–ª–∞—Ä–æ–≤,1822686894,DollarEuroFrank
313,14558,2022-04-16 17:19:00,"–î–æ–±—Ä–æ–≥–æ –≤—Ä–µ–º–µ–Ω–∏! 
–ü—Ä–æ–¥–∞–º 5400$ –ø–æ 95‚ÇΩ
–ü—Ä–æ–≤–µ—Ä–∫–∞ –≤ –±–∞–Ω–∫–µ.
–î–æ–ª–ª–∞—Ä—ã –Ω–æ–≤–æ–≥–æ –æ–±—Ä–∞–∑—Ü–∞.
–°–ü–±",592213042,DollarEuroFrank
314,14557,2022-04-16 17:10:56,–ü—Ä–æ–¥–∞–º $ –ø–æ 91—Ä. –ú–æ—Å–∫–≤–∞. –ü—Ä–æ–≤–µ—Ä–∫–∞ –≤ –ë–∞–Ω–∫–µ,5184328819,DollarEuroFrank
315,14556,2022-04-16 17:10:17,"–ú–æ—Å–∫–≤–∞
–û–±–º–µ–Ω—è—é –ï–≤—Ä–æ ‚Ç¨ –Ω–∞ —Ä—É–±–ª–∏ –ø–æ –∫—É—Ä—Å—É 105 ‚ÇΩ 
–õ—é–±—ã–µ –ø—Ä–æ–≤–µ—Ä–∫–∏ 
–ü–∏—à–∏—Ç–µ –≤ –ª–∏—á–∫—É",1106423450,DollarEuroFrank
316,14555,2022-04-16 16:55:29,–ü—Ä–æ–¥–∞–º $–ø–æ 90 –°–ø–±,1493052283,DollarEuroFrank
317,14554,2022-04-16 16:52:42,,337776836,DollarEuroFrank
318,14553,2022-04-16 16:52:21,"–ü—Ä–æ–¥–∞–º $ –ø–æ 93,–ú–æ—Å–∫–≤–∞ —é–≥–æ-–∑–∞–ø–∞–¥",578982915,DollarEuroFrank
319,14552,2022-04-16 16:50:40,–ü—Ä–æ–¥–∞–º 27–∫ $ –ö—É—Ä—Å 91.5 –ú–æ—Å–∫–≤–∞,1414683716,DollarEuroFrank
320,14551,2022-04-16 16:16:38,–ü—Ä–æ–¥–∞–º 40–∫ –¥–æ–ª–ª–∞—Ä–æ–≤,1822686894,DollarEuroFrank
321,14550,2022-04-16 16:16:27,"–ú–æ—Å–∫–≤–∞,  –ø—Ä–æ–¥–∞–º –¥–æ–ª–ª–∞—Ä –Ω–∞–ª. 92, –∫—É–ø—é—Ä—ã –Ω–æ–≤—ã–µ",263773408,DollarEuroFrank
322,14549,2022-04-16 16:15:53,–ü—Ä–æ–¥–∞–º $ 500 ‚ÇΩ- –ø–æ 93 –º—Å–∫,731896425,DollarEuroFrank
323,14547,2022-04-16 16:10:52,–ü—Ä–æ–¥–∞–º 7000 $ –ø–æ 95,78209499,DollarEuroFrank
324,14546,2022-04-16 16:06:07,üîπüíµ‚ùóÔ∏è–ü—Ä–æ–¥–∞–º 1000$ –º–æ—Å–∫–≤–∞ —Å–µ–≥–æ–¥–Ω—è,355153480,DollarEuroFrank
325,14542,2022-04-16 15:45:22,üÜò–ú–æ—Å–∫–≤–∞ –°–ó–ê–û –ø—Ä–æ–¥–∞–º 3000$ –ø–æ 97‚ùóÔ∏è–ø–∏—Å–∞—Ç—å –≤ –ª—Å,537932752,DollarEuroFrank
326,14541,2022-04-16 15:44:00,–ó–¥—Ä–∞–≤—Å—Ç–≤—É–π—Ç–µ. –ü—Ä–æ–¥–∞–º –¥–æ 600 –µ–≤—Ä–æ. –ú–æ—Å–∫–≤–∞. –ö—É—Ä—Å 110. –í—Å—Ç—Ä–µ—á–∞ –≤ –±–∞–Ω–∫–µ. –ü–∏—Å–∞—Ç—å –≤ –ª–∏—á–∫—É,834343891,DollarEuroFrank
327,14540,2022-04-16 15:36:54,–ü—Ä–æ–¥–∞–º –ï–≤—Ä–æ 1900 –µ–≤—Ä–æ –ø–æ 95 . –ü–∏—Å–∞—Ç—å –≤ –ª–∏—á–∫—É,1176452752,DollarEuroFrank
328,14537,2022-04-16 15:25:13,"–ü—Ä–æ–¥–∞–º 10–∫$ –Ω–æ–≤—ã–µ, –ö—Ä–∞—Å–Ω–æ–¥–∞—Ä",496552378,DollarEuroFrank
329,14536,2022-04-16 15:20:57,–ü—Ä–æ–¥–∞–º ‚Ç¨ –ø–æ 105 –í–æ–ª–æ–≥–¥–∞,1733443344,DollarEuroFrank
330,14535,2022-04-16 15:20:20,–ë–µ—Ä—É –¥–æ–ª–ª–∞—Ä—ã –≤ –°–®–ê –¥–∞—é —Ä—É–±–ª–∏ –≤ –†–æ—Å—Å–∏–∏,1576366613,DollarEuroFrank
331,14534,2022-04-16 15:16:43,–ö—É–ø–ª—é ‚Ç¨ –ø–æ 95 —Å–∞–º–∞—Ä–∞,1060281600,DollarEuroFrank
332,14531,2022-04-16 15:10:07,–ó–¥—Ä–∞–≤—Å—Ç–≤—É–π—Ç–µ. –ü—Ä–æ–¥–∞–º –¥–æ 600 –µ–≤—Ä–æ. –ú–æ—Å–∫–≤–∞. –ö—É—Ä—Å 110. –í—Å—Ç—Ä–µ—á–∞ –≤ –±–∞–Ω–∫–µ. –ü–∏—Å–∞—Ç—å –≤ –ª–∏—á–∫—É,834343891,DollarEuroFrank
333,14528,2022-04-16 14:58:23,"–ü—Ä–æ–¥–∞–º $ –ø–æ 93,–ú–æ—Å–∫–≤–∞ —é–≥–æ-–∑–∞–ø–∞–¥",578982915,DollarEuroFrank
334,14527,2022-04-16 14:55:57,"–ü—Ä–æ–¥–∞–º –µ–≤—Ä–æ –ø–æ 100 , –ú–æ—Å–∫–≤–∞.",509414141,DollarEuroFrank
335,14526,2022-04-16 14:55:55,"–ø—Ä–æ–¥–∞–º –¥–æ–ª–ª–∞—Ä—ã, –ª—é–±—ã–µ —Å—É–º–º—ã",1822686894,DollarEuroFrank
336,14525,2022-04-16 14:54:52,"–ü—Ä–æ–¥–∞–º —Å–µ–≥–æ–¥–Ω—è 1000$ –ø–æ 93 —Ä—É–±.
–ö–∞–∑–∞–Ω—å",378203511,DollarEuroFrank
337,14524,2022-04-16 14:49:02,–ü—Ä–æ–¥–∞–∂–∞$ –†–æ—Å—Ç–æ–≤—Å–∫–∞—è –æ–±–ª–∞—Å—Ç—å –ø–æ üíØ‚ÇΩ,5106717537,DollarEuroFrank
338,14523,2022-04-16 14:48:54,üîπüíµ–ü—Ä–æ–¥–∞–º 1000$ –º–æ—Å–∫–≤–∞ —Å–µ–≥–æ–¥–Ω—è,355153480,DollarEuroFrank
339,14520,2022-04-16 14:25:51,–ü—Ä–æ–¥–∞–º –µ–≤—Ä–æ –ø–æ 105.–£—Ñ–∞,1856305308,DollarEuroFrank
340,14519,2022-04-16 14:20:44,"–ê–ù–ê–ü–ê –∏–ª–∏ –ö–†–ê–°–ù–û–î–ê–†. –ü—Ä–æ–¥–∞–º 1600‚Ç¨, —Ç–æ–ª—å–∫–æ —á—Ç–æ –ø—Ä–∏–≤–µ–∑–µ–Ω–Ω—ã–µ –∏–∑ –ò—Ç–∞–ª–∏–∏ –ø–æ 100‚ÇΩ. –¢–∞–∫–∂–µ –µ—Å—Ç—å 1500$ –ø–æ 92‚ÇΩ, –≤—Å—Ç—Ä–µ—á–∞ –≤ –±–∞–Ω–∫–µ.",1398119553,DollarEuroFrank
341,14518,2022-04-16 14:20:10,"–í –ì–µ—Ä–º–∞–Ω–∏–∏ –µ—Å—Ç—å –µ–≤—Ä–æ –ø–æ –∫—É—Ä—Å—É 100—Ä, –≤ –ú–æ—Å–∫–≤–µ –±–µ—Ä—É —Ä—É–±–ª–∏, –ø—Ä–µ–¥–ª–æ–∂–µ–Ω–∏–µ –≤ –ª–∏—á–∫—É",1316762833,DollarEuroFrank
342,14517,2022-04-16 14:15:50,üÜò–ú–æ—Å–∫–≤–∞ –°–ó–ê–û –ø—Ä–æ–¥–∞–º 3000$ –ø–æ 97‚ùóÔ∏è–ø–∏—Å–∞—Ç—å –≤ –ª—Å,537932752,DollarEuroFrank
343,14516,2022-04-16 14:07:57,–ø—Ä–æ–¥–∞–º –¥–æ–ª–ª–∞—Ä 91—Ä –ú–æ—Å–∫–≤–∞,5184328819,DollarEuroFrank
344,14513,2022-04-16 14:04:18,–ü—Ä–æ–¥–∞–º 500 $ - –ø–æ 93 –º—Å–∫,731896425,DollarEuroFrank
345,14512,2022-04-16 14:00:34,"–ö—É–ø–ª—é 500$ –ú–æ—Å–∫–≤–∞ 
–í –ª–∏—á–∫—É –ø–∏—à–∏—Ç–µ",515052008,DollarEuroFrank
346,14511,2022-04-16 13:59:21,,246370245,DollarEuroFrank
347,14510,2022-04-16 13:59:02,,1041358350,DollarEuroFrank
348,14509,2022-04-16 13:57:45,,246370245,DollarEuroFrank
349,14508,2022-04-16 13:57:39,"–ü—Ä–æ–¥–∞–º 500‚Ç¨ –ø–æ 107‚ÇΩ , –∫—É–ø—é—Ä—ã –ø–æ 100‚Ç¨, –≤ –∏–¥–µ–∞–ª—å–Ω–æ–º —Å–æ—Å—Ç–æ—è–Ω–∏–∏.
–ü—Ä–æ–≤–µ—Ä–∫–∞ –≤ –±–∞–Ω–∫–µ. –†–Ω–î. –ü–∏—Å–∞—Ç—å –≤ –ª/—Å.",1155724423,DollarEuroFrank
350,14507,2022-04-16 13:54:38,,396502442,DollarEuroFrank
351,14506,2022-04-16 13:52:50,–ë–µ—Ä—É –¥–æ–ª–ª–∞—Ä—ã –≤ –°–®–ê –¥–∞—é —Ä—É–±–ª–∏ –≤ –†–æ—Å—Å–∏–∏,1576366613,DollarEuroFrank
352,14505,2022-04-16 13:32:07,üîπüíµ–ü—Ä–æ–¥–∞–º 500-1000$ –º–æ—Å–∫–≤–∞ —Å–µ–≥–æ–¥–Ω—è‚ùóÔ∏è‚ùóÔ∏è‚ùóÔ∏è,355153480,DollarEuroFrank
353,14504,2022-04-16 13:31:28,–ó–¥—Ä–∞–≤—Å—Ç–≤—É–π—Ç–µ. –ü—Ä–æ–¥–∞–º –¥–æ 600 –µ–≤—Ä–æ. –ú–æ—Å–∫–≤–∞. –ö—É—Ä—Å 110. –í—Å—Ç—Ä–µ—á–∞ –≤ –±–∞–Ω–∫–µ. –ü–∏—Å–∞—Ç—å –≤ –ª–∏—á–∫—É,834343891,DollarEuroFrank
354,14501,2022-04-16 13:23:27,–ü—Ä–æ–¥–∞–º 3000 $ –Ω–æ–≤—ã–µ –ø–æ 95 –ë–µ–ª–≥–æ—Ä–æ–¥,52837695,DollarEuroFrank
355,14499,2022-04-16 12:56:31,–ë–µ—Ä—É –¥–æ–ª–ª–∞—Ä—ã –≤ –°–®–ê –¥–∞—é —Ä—É–±–ª–∏ –≤ –†–æ—Å—Å–∏–∏,1576366613,DollarEuroFrank
356,14498,2022-04-16 12:46:29,–°–ø–± –ø—Ä–æ–¥–∞–º $ –ø–æ 90,1493052283,DollarEuroFrank
357,14497,2022-04-16 12:41:57,–ü—Ä–æ–¥–∞–º 400$ –ø–æ 90 –ö—Ä–∞—Å–Ω–æ–¥–∞—Ä,1146798841,DollarEuroFrank
358,14496,2022-04-16 12:40:25,,1146798841,DollarEuroFrank
359,14495,2022-04-16 12:29:00,"–î–∞—é –¥–æ–ª–ª–∞—Ä –≤ –°–®–ê, –±–µ—Ä—É  –≤ –ú–æ—Å–∫–≤–µ —Ä—É–±–ª—å ,–ø—Ä–µ–¥–ª–æ–∂–µ–Ω–∏–∏ –≤ –ª–∏—á–∫—É  Zelle –ø–æ –°–®–ê",5250812163,DollarEuroFrank
360,14493,2022-04-16 12:22:10,–ú–æ—Å–∫–≤–∞ –ú–∏—Ç–∏–Ω–æ 2000 $ –ø–æ 90,189856630,DollarEuroFrank
361,14492,2022-04-16 12:16:42,"–ü—Ä–æ–¥–∞–º 5000$ –ø–æ 90 —Ä . –ú–æ—Å–∫–≤–∞ , —é–≥ –ú–æ—Å–∫–æ–≤—Å–∫–æ–π –æ–±–ª–∞—Å—Ç–∏.",1249545707,DollarEuroFrank
362,14491,2022-04-16 12:14:02,"–ü—Ä–æ–¥–∞–º 3000$ –Ω–æ–≤—ã–µ,–ø–æ 90‚ÇΩ –ö–∞–∑–∞–Ω—å",117176581,DollarEuroFrank
363,14490,2022-04-16 12:12:30,üîπüíµ–ü—Ä–æ–¥–∞–º $600-1000$ –º–æ—Å–∫–≤–∞ —Å–µ–≥–æ–¥–Ω—è,355153480,DollarEuroFrank
364,14489,2022-04-16 12:11:36,,1249545707,DollarEuroFrank
365,14488,2022-04-16 12:06:16,,117176581,DollarEuroFrank
366,14485,2022-04-16 12:03:45,"–ö—Ä–∞—Å–Ω–æ–¥–∞—Ä –ø—Ä–æ–¥–∞–º –Ω–∞–ª–∏—á–Ω—ã–µ
–î–æ–ª–ª–∞—Ä $ 92
–ï–≤—Ä–æ     ‚Ç¨ 102
–ù–æ–≤—ã–µ –∫—É–ø—é—Ä—ã, –Ω–æ–≤–æ–≥–æ –æ–±—Ä–∞–∑—Ü–∞. –û–±–º–µ–Ω —Ç–æ–ª—å–∫–æ —á–µ—Ä–µ–∑ –ø—Ä–æ–≤–µ—Ä–∫—É –≤ –∫–∞—Å—Å–µ –±–∞–Ω–∫–∞. –ó–∞–ø—Ä–æ—Å –≤ –ª/—Å",457763062,DollarEuroFrank
367,14484,2022-04-16 12:01:27,"–ü—Ä–æ–¥–∞–º 10–∫$ –Ω–æ–≤—ã–µ, –ö—Ä–∞—Å–Ω–æ–¥–∞—Ä",496552378,DollarEuroFrank
368,14483,2022-04-16 12:00:38,,478402153,DollarEuroFrank
369,14482,2022-04-16 11:59:52,–ö—É–ø–ª—é –¥–æ–ª–ª–∞—Ä üíµ,333330549,DollarEuroFrank
370,14481,2022-04-16 11:59:25,–ó–¥—Ä–∞–≤—Å—Ç–≤—É–π—Ç–µ. –ü—Ä–æ–¥–∞–º –µ–≤—Ä–æ 600. –ö—É—Ä—Å 110. –ú–æ—Å–∫–≤–∞. –í—Å—Ç—Ä–µ—á–∞ –≤ –±–∞–Ω–∫–µ. –ü–∏—Å–∞—Ç—å –≤ –ª–∏—á–∫—É.,834343891,DollarEuroFrank
371,14479,2022-04-16 11:53:27,"–ü—Ä–∏–º—É –¥–æ–ª–ª–∞—Ä—ã –Ω–∞ —Å—á—ë—Ç –≤ —Å—à–∞, –æ—Ç–ø—Ä–∞–≤–ª—é —Ä—É–±–ª–∏",1023970,DollarEuroFrank
372,14478,2022-04-16 11:53:23,,1170823243,DollarEuroFrank
373,14477,2022-04-16 11:51:07,–ü—Ä–æ–¥–∞–º 20–∫ $ –ö—É—Ä—Å 92 –ú–æ—Å–∫–≤–∞,1414683716,DollarEuroFrank
374,14476,2022-04-16 11:50:50,–ü—Ä–æ–¥–∞–º 3500$ –ø–æ 90 –°–ü–±,831676468,DollarEuroFrank
375,14475,2022-04-16 11:45:24,–ë–µ—Ä—É –¥–æ–ª–ª–∞—Ä—ã –≤ –°–®–ê –¥–∞—é —Ä—É–±–ª–∏ –≤ –†–æ—Å—Å–∏–∏,1576366613,DollarEuroFrank
376,14474,2022-04-16 11:44:53,–ß–µ–ª—è–±–∏–Ω—Å–∫ –ø—Ä–æ–¥–∞–º –µ–≤—Ä–æ,271272148,DollarEuroFrank
377,14473,2022-04-16 11:44:14,–ü—Ä–æ–¥–∞–º –Ω–µ–º–Ω–æ–≥–æ –¥–æ–ª–ª–∞—Ä–æ–≤ –ø–æ 91—Ä –ú–æ—Å–∫–≤–∞. –ñ–µ–ª–∞—Ç–µ–ª—å–Ω–æ –≤ —Ç–µ—á–µ–Ω–∏–∏ —á–∞—Å–∞,5184328819,DollarEuroFrank
378,14472,2022-04-16 11:37:48,–ö—É–ø–ª—é –¥–æ–ª–ª–∞—Ä—ã –≤ –û–º—Å–∫–µ,990376925,DollarEuroFrank
379,14471,2022-04-16 11:30:27,–ú–æ—Å–∫–≤–∞ 10000 –µ–≤—Ä–æ 105 –ø—Ä–æ–¥–∞–º,1364494365,DollarEuroFrank
380,14470,2022-04-16 11:28:03,–°–∞—Ä–∞—Ç–æ–≤ –ø—Ä–æ–¥–∞–º $ –ø–æ 90,2045518193,DollarEuroFrank
381,14468,2022-04-16 11:18:37,–ï–∫–∞—Ç–µ—Ä–∏–Ω–±—É—Ä–≥ –ø—Ä–æ–¥–∞–º 3000$,726921143,DollarEuroFrank
382,14467,2022-04-16 11:16:14,,588549389,DollarEuroFrank
383,14466,2022-04-16 11:11:37,–ü–æ–∫—É–ø–∞—é –ì–†–ò–í–ù–£,1866924362,DollarEuroFrank
384,14465,2022-04-16 10:58:26,–ö—É–ø–ª—é 40—Ç$ –ø–æ 87 –ú–æ—Å–∫–≤–∞,373456860,DollarEuroFrank
385,14464,2022-04-16 10:42:44,–ó–¥—Ä–∞–≤—Å—Ç–≤—É–π—Ç–µ. –ü—Ä–æ–¥–∞–º –µ–≤—Ä–æ 600. –ö—É—Ä—Å 110. –ú–æ—Å–∫–≤–∞. –í—Å—Ç—Ä–µ—á–∞ –≤ –±–∞–Ω–∫–µ. –ü–∏—Å–∞—Ç—å –≤ –ª–∏—á–∫—É.,834343891,DollarEuroFrank
386,14463,2022-04-16 10:42:37,"–ü—Ä–æ–¥–∞–º $ –∫—É—Ä—Å 91 —Ä—É–±, –ú—Å–∫",901751648,DollarEuroFrank
387,14462,2022-04-16 10:41:31,üÜò–ú–æ—Å–∫–≤–∞ –°–ó–ê–û –ø—Ä–æ–¥–∞–º 3000$ –ø–æ 97‚ùóÔ∏è–ø–∏—Å–∞—Ç—å –≤ –ª—Å,537932752,DollarEuroFrank
388,14461,2022-04-16 10:36:24,–ö—É–ø–ª—é —é–∞–Ω–∏,1002105649,DollarEuroFrank
389,14460,2022-04-16 10:35:19,,1002105649,DollarEuroFrank
390,14459,2022-04-16 10:31:28,–ú–æ—Å–∫–≤–∞ –ú–∏—Ç–∏–Ω–æ 2000 $ –ø–æ 90,189856630,DollarEuroFrank
391,14458,2022-04-16 10:30:55,"–°—Ä–æ—á–Ω–æ –ø—Ä–æ–¥–∞–º 1600 –µ–≤—Ä–æ üí∂ –ø–æ 100, –ú–æ—Å–∫–≤–∞",1036229499,DollarEuroFrank
392,14457,2022-04-16 10:28:43,,847658331,DollarEuroFrank
393,14456,2022-04-16 10:19:00,,5348458506,DollarEuroFrank
394,14455,2022-04-16 10:08:19,–ü—Ä–æ–¥–∞–º 500 $ - –ø–æ 93 –º—Å–∫,731896425,DollarEuroFrank
395,14454,2022-04-16 10:05:01,"–ü—Ä–æ–¥–∞–º –¥–æ 5000$, –ø–æ 94 –Ω–æ–≤—ã–µ, –ø—Ä–æ–≤–µ—Ä–∫–∞ –ø—Ä–∏–≤–µ—Ç—Å—Ç–≤—É–µ—Ç—Å—è. –ú–æ—Å–∫–≤–∞",1984590284,DollarEuroFrank
396,14453,2022-04-16 10:04:59,–ü—Ä–æ–¥–∞–º –¥–æ–ª–ª–∞—Ä—ã –µ–∫–± 4500$,94365040,DollarEuroFrank
397,14451,2022-04-16 09:57:38,–ü—Ä–æ–¥–∞–º $ = 93 –ú–æ—Å–∫–≤–∞,5309686315,DollarEuroFrank
398,14450,2022-04-16 09:44:44,"–ö—É–ø–ª—é –µ–≤—Ä–æ –ü–∏—Ç–µ—Ä 
–ö—É—Ä—Å 100",1325886417,DollarEuroFrank
399,14449,2022-04-16 09:43:50,"–ü—Ä–æ–¥–∞–∂–∞ $ –∫–∞–∑–∞–Ω—å.
–ü–æ 94 –æ—Ç 1000$",378203511,DollarEuroFrank
400,14448,2022-04-16 09:42:03,–ó–¥—Ä–∞–≤—Å—Ç–≤—É–π—Ç–µ. –ü—Ä–æ–¥–∞–º –µ–≤—Ä–æ 600. –ö—É—Ä—Å 110. –ú–æ—Å–∫–≤–∞. –í—Å—Ç—Ä–µ—á–∞ –≤ –±–∞–Ω–∫–µ. –ü–∏—Å–∞—Ç—å –≤ –ª–∏—á–∫—É.,834343891,DollarEuroFrank
401,14447,2022-04-16 09:40:26,,5309686315,DollarEuroFrank
402,14446,2022-04-16 09:40:18,–ü—Ä–æ–¥–∞–º 100–∫ –¥–æ–ª–ª–∞—Ä–æ–≤,1822686894,DollarEuroFrank
403,14443,2022-04-16 09:38:11,–î–æ–ª–ª–∞—Ä –ø–æ 100 –º—Å–∫,210459547,DollarEuroFrank
404,14442,2022-04-16 09:37:29,"–ø—Ä–æ–¥–∞–º –Ω–µ–º–Ω–æ–≥–æ –¥–æ–ª–ª–∞—Ä–æ–≤ –ø–æ 92—Ä. 
–ú–æ—Å–∫–≤–∞.",5184328819,DollarEuroFrank
405,14441,2022-04-16 09:28:14,–ü—Ä–æ—Å—Ç–æ –±–µ—Å–ø–ª–∞—Ç–Ω–æ —É–¥–∞–ª—é —Ç–µ–±—è,860029248,DollarEuroFrank
406,14439,2022-04-16 09:15:59,"–ë–µ—Ä—É –¥–æ–ª–ª–∞—Ä—ã –≤ –°–®–ê, –¥–∞—é —Ä—É–±–ª–∏ –≤ –†–æ—Å—Å–∏–∏",1576366613,DollarEuroFrank
407,14438,2022-04-16 09:15:33,–ü–µ—Ä–º—å –¥–æ–ª–ª–∞—Ä –ø–æ 100 –ø—Ä–æ–¥–∞–º,1078382155,DollarEuroFrank
408,14437,2022-04-16 09:14:56,"–ü—Ä–æ–¥–∞–º $ –ø–æ 93,–ú–æ—Å–∫–≤–∞ —é–≥–æ-–∑–∞–ø–∞–¥",578982915,DollarEuroFrank
409,14433,2022-04-16 08:34:45,–ó–¥—Ä–∞–≤—Å—Ç–≤—É–π—Ç–µ. –ü—Ä–æ–¥–∞–º –µ–≤—Ä–æ 600. –ö—É—Ä—Å 110. –ú–æ—Å–∫–≤–∞. –í—Å—Ç—Ä–µ—á–∞ –≤ –±–∞–Ω–∫–µ. –ü–∏—Å–∞—Ç—å –≤ –ª–∏—á–∫—É.,834343891,DollarEuroFrank
410,14432,2022-04-16 08:31:39,,1155724423,DollarEuroFrank
411,14431,2022-04-16 08:10:41,"–ë–µ—Ä—É –¥–æ–ª–ª–∞—Ä—ã –≤ –°–®–ê, –¥–∞—é —Ä—É–±–ª–∏ –≤ –†–æ—Å—Å–∏–∏",1576366613,DollarEuroFrank
412,14430,2022-04-16 08:06:16,"–ü—Ä–æ–¥–∞–º 1000 –µ–≤—Ä–æ –ø–æ 100
–ú–æ—Å–∫–≤–∞",5180757044,DollarEuroFrank
413,14429,2022-04-16 07:54:29,,1436167643,DollarEuroFrank
414,14428,2022-04-16 07:34:50,"–í –ì–µ—Ä–º–∞–Ω–∏–∏ –µ—Å—Ç—å –µ–≤—Ä–æ –ø–æ –∫—É—Ä—Å—É 100, –≤ –ú–æ—Å–∫–≤–µ –±–µ—Ä—É —Ä—É–±–ª–∏, –ø—Ä–µ–¥–ª–æ–∂–µ–Ω–∏–µ –≤ –ª–∏—á–∫—É",1316762833,DollarEuroFrank
415,14427,2022-04-16 07:24:22,,904897741,DollarEuroFrank
416,14426,2022-04-16 07:22:05,"–ö—Ä–∞—Å–Ω–æ–¥–∞—Ä –ø—Ä–æ–¥–∞–º –Ω–∞–ª–∏—á–Ω—ã–µ
–î–æ–ª–ª–∞—Ä $ 95
–ï–≤—Ä–æ     ‚Ç¨ 105
–ù–æ–≤—ã–µ –∫—É–ø—é—Ä—ã, –Ω–æ–≤–æ–≥–æ –æ–±—Ä–∞–∑—Ü–∞. –û–±–º–µ–Ω —Ç–æ–ª—å–∫–æ —á–µ—Ä–µ–∑ –ø—Ä–æ–≤–µ—Ä–∫—É –≤ –∫–∞—Å—Å–µ –±–∞–Ω–∫–∞. –ó–∞–ø—Ä–æ—Å –≤ –ª/—Å",457763062,DollarEuroFrank
417,14425,2022-04-16 07:17:29,üîπüíµ–ø—Ä–æ–¥–∞–º $ 500-1000$ -92‚ÇΩ –º–æ—Å–∫–≤–∞ —Å–µ–≥–æ–¥–Ω—è,355153480,DollarEuroFrank
418,14424,2022-04-16 07:13:10,–ü—Ä–æ–¥–∞–º 10–∫$ –ö—Ä–∞—Å–Ω–æ–¥–∞—Ä,496552378,DollarEuroFrank
419,14423,2022-04-16 07:04:29,,1771144903,DollarEuroFrank
420,14422,2022-04-16 06:42:02,600 –µ–≤—Ä–æ –ø—Ä–æ–¥–∞–º. –ö—É—Ä—Å 110 –ú–æ—Å–∫–≤–∞. –í—Å—Ç—Ä–µ—á–∞ –≤ –±–∞–Ω–∫–µ. –ü–∏—Å–∞—Ç—å –≤ –ª–∏—á–∫—É,834343891,DollarEuroFrank
421,14421,2022-04-16 05:24:37,"–ü—Ä–æ–¥–∞–º 700 $, –ü–µ–Ω–∑–∞.",5114338336,DollarEuroFrank
422,14420,2022-04-16 05:14:38,–ö—É–ø–ª—é 2000 USD –í–ª–∞–¥–∏–≤–æ—Å—Ç–æ–∫,1412326176,DollarEuroFrank
423,14419,2022-04-16 04:27:02,–ö–∞–∫–æ–π –∫—É—Ä—Å?,1863067556,DollarEuroFrank
424,14418,2022-04-16 04:26:15,"–ü—Ä–æ–¥–∞–º –¥–æ–ª–ª–∞—Ä –Ω–∞–ª –ø–æ 93, –∫–æ–ª–∏—á–µ—Å—Ç–≤–æ –¥–æ 5000$. –ú–°–ö.  –ù–æ–≤—ã–µ –∫—É–ø—é—Ä—ã —Å –±–∞–Ω–∫–∞.",263773408,DollarEuroFrank
425,14417,2022-04-16 04:24:40,"–î–∞—é –¥–æ–ª–ª–∞—Ä—ã $ –≤ –°–®–ê, –∏  –±–µ—Ä—É —Ä—É–±–ª–∏ ‚ÇΩ —Å –†–æ—Å—Å–∏–∏",218223944,DollarEuroFrank
426,14416,2022-04-16 03:45:37,"–ú–æ—Å–∫–≤–∞, ‚Ç¨ –ø–æ 107",471525428,DollarEuroFrank
427,14415,2022-04-16 02:38:20,–ï–≤—Ä–æ —Å–ø–± 110 –º–µ–Ω—è—é –Ω–∞ —Ä—É–±–ª–∏ 2 –∫,5174617072,DollarEuroFrank
428,14414,2022-04-16 01:49:24,–ö—É–ø–ª—é –¥–æ–ª–ª–∞—Ä—ã –≤ –û–º—Å–∫–µ,990376925,DollarEuroFrank
429,14413,2022-04-16 01:38:41,"–î–∞—é –¥–æ–ª–ª–∞—Ä –≤ –°–®–ê, –±–µ—Ä—É  –≤ –ú–æ—Å–∫–≤–µ —Ä—É–±–ª—å ,–ø—Ä–µ–¥–ª–æ–∂–µ–Ω–∏–∏ –≤ –ª–∏—á–∫—É  Zelle –ø–æ –°–®–ê",5250812163,DollarEuroFrank
430,14412,2022-04-16 01:35:03,–ü—Ä–æ–¥–∞–º 5—Ç –¥–æ–ª–ª–∞—Ä–æ–≤ –ø–æ 95 —Ä—É–± –ú–æ—Å–∫–≤–∞,5252344999,DollarEuroFrank
431,14411,2022-04-16 01:34:14,üÜò–ú–æ—Å–∫–≤–∞ –°–ó–ê–û –ø—Ä–æ–¥–∞–º 3000$ –ø–æ 97‚ùóÔ∏è–ø–∏—Å–∞—Ç—å –≤ –ª—Å,537932752,DollarEuroFrank
432,14410,2022-04-16 01:29:11,"–ü—Ä–æ–¥–∞–º –¥–æ–ª–ª–∞—Ä –Ω–∞–ª –ø–æ 94, –∫–æ–ª–∏—á–µ—Å—Ç–≤–æ –¥–æ 5000$. –ú–°–ö.  –ù–æ–≤—ã–µ –∫—É–ø—é—Ä—ã —Å –±–∞–Ω–∫–∞.",263773408,DollarEuroFrank
433,14409,2022-04-16 00:21:14,–ü—Ä–æ–¥–∞–º 20–∫ $ –ö—É—Ä—Å 92 –ú–æ—Å–∫–≤–∞,1414683716,DollarEuroFrank
434,14408,2022-04-15 23:25:49,–ü—Ä–æ–¥–∞–º 1700$ –≤ –°—Ç–∞–≤—Ä–æ–ø–æ–ª–µ,5002626140,DollarEuroFrank
435,14407,2022-04-15 23:02:48,–ö—É—Ä—Å —Ü–µ–Ω—Ç—Ä–æ–±–∞–Ω–∫–∞,1576366613,DollarEuroFrank
436,14406,2022-04-15 22:59:39,–ú–µ–Ω—è—é –µ–≤—Ä–æ –Ω–∞ —Ä—É–±–ª–∏ –≤ –°–∞–Ω–∫—Ç-–ü–µ—Ç–µ—Ä–±—É—Ä–≥–µ –≤ –±–∞–Ω–∫–µ,5174617072,DollarEuroFrank
437,14405,2022-04-15 22:57:13,–ö—É–ø–ª—é –¥–æ–ª–ª–∞—Ä üíµ,333330549,DollarEuroFrank
438,14404,2022-04-15 22:49:14,–ö–∞–∫–æ–π –∫—É—Ä—Å?,1863067556,DollarEuroFrank
439,14403,2022-04-15 22:40:52,,785737001,DollarEuroFrank
440,14402,2022-04-15 22:36:49,"–ö —Å–æ–∂–∞–ª–µ–Ω–∏—é, —É–∂–µ –Ω–µ –∞–∫—Ç—É–∞–ª—å–Ω–æ",1106043979,DollarEuroFrank
441,14401,2022-04-15 22:27:59,"–ø—Ä–æ–¥–∞–º –Ω–µ–º–Ω–æ–≥–æ –¥–æ–ª–ª–∞—Ä–æ–≤ –ø–æ 91—Ä. 
–ú–æ—Å–∫–≤–∞.",5184328819,DollarEuroFrank
442,14399,2022-04-15 21:48:24,üÜò–ú–æ—Å–∫–≤–∞ –°–ó–ê–û –ø—Ä–æ–¥–∞–º 3000$ –ø–æ 97‚ùóÔ∏è–ø–∏—Å–∞—Ç—å –≤ –ª—Å,537932752,DollarEuroFrank
443,14398,2022-04-15 21:45:52,"–ú–æ—Å–∫–≤–∞, –ø—Ä–æ–¥–∞—é 4200 $ –ø–æ 90 —Ä",5020954504,DollarEuroFrank
444,14397,2022-04-15 21:45:19,–ú—ã —É–∂–µ –ø—Ä–æ —ç—Ç–∏ 1800 —Å–ª—É—à–∞–µ–º –Ω–µ–¥–µ–ª—é üòÇ,1020176393,DollarEuroFrank
445,14396,2022-04-15 21:43:12,"–î–∞—é –¥–æ–ª–ª–∞—Ä –≤ –°–®–ê, –±–µ—Ä—É  –≤ –ú–æ—Å–∫–≤–µ —Ä—É–±–ª—å ,–ø—Ä–µ–¥–ª–æ–∂–µ–Ω–∏–∏ –≤ –ª–∏—á–∫—É –∏ –ø–æ—Å–ª–µ–¥–Ω–∏–π 1800 –¥–æ–ª –æ—Å—Ç–∞–ª–∏—Å—å –ø—Ä–æ–¥–∞–º",5250812163,DollarEuroFrank
446,14395,2022-04-15 21:38:39,"–í –ì–µ—Ä–º–∞–Ω–∏–∏ –µ—Å—Ç—å –µ–≤—Ä–æ –ø–æ –∫—É—Ä—Å—É 100, –≤ –ú–æ—Å–∫–≤–µ –±–µ—Ä—É —Ä—É–±–ª–∏, –ø—Ä–µ–¥–ª–æ–∂–µ–Ω–∏–µ –≤ –ª–∏—á–∫—É",1316762833,DollarEuroFrank
447,14394,2022-04-15 21:36:41,"–ü—Ä–æ–¥–∞–º –¥–æ–ª–ª–∞—Ä –ø–æ 92, –ú–°–ö. –î–æ 3000$, –í—Å—Ç—Ä–µ—á–∞ –≤ –º–µ—Ç—Ä–æ –ª–∏–±–æ –≤ –±–∞–Ω–∫–µ. –¢–µ—Ä—Ä–∏—Ç–æ—Ä–∏–∞–ª—å–Ω–æ –∑–∞–ø–∞–¥ –∏–ª–∏ –¶–µ–Ω—Ç—Ä.",263773408,DollarEuroFrank
448,14393,2022-04-15 21:21:00,–ö—Ç–æ —Å–º–æ–∂–µ—Ç –æ–±–º–µ–Ω—è—Ç—å  —Ä—É—Å—Å–∫–∏–µ —Ä—É–±–ª–∏ –Ω–∞ –¥–æ–ª–ª–∞—Ä—ã.? –•—É—Ä–≥–∞–¥–∞ –ï–≥–∏–ø–µ—Ç üá™üá¨,993226640,DollarEuroFrank
449,14392,2022-04-15 21:19:38,,993226640,DollarEuroFrank
450,14391,2022-04-15 21:09:51,"–ö–∞–∑–∞–Ω—å –∏ –†–¢ 
10.000$
–ö—É—Ä—Å 92.00
24/7 –Ω–∞ —Å–≤—è–∑–∏",495621850,DollarEuroFrank
451,14390,2022-04-15 21:09:04,,50043286,DollarEuroFrank
452,14389,2022-04-15 21:05:29,–î–æ–ª–ª–∞—Ä—ã –ú–æ—Å–∫–≤–∞ 3500 –ø–æ 92. –ù–æ–≤—ã–µ –∫—É–ø—é—Ä—ã,284676828,DollarEuroFrank
453,14388,2022-04-15 21:05:21,"–ü—Ä–æ–¥–∞–º ‚Ç¨ –≤ –ú–æ—Å–∫–≤–µ , —Å—Ä–æ—á–Ω–æ !!!  –û—á–µ–Ω—å —Å—Ä–æ—á–Ω–æ !!!",404907651,DollarEuroFrank
454,14387,2022-04-15 21:04:14,–°—Ç–∞–≤—Ä–æ–ø–æ–ª—å –ø—Ä–æ–¥–∞–º $ –ø–æ 86,1106043979,DollarEuroFrank
455,14386,2022-04-15 21:04:06,91—Ä,5184328819,DollarEuroFrank
456,14384,2022-04-15 20:51:21,–ö—É–ø–ª—é –¥–æ–ª–ª–∞—Ä üíµ,333330549,DollarEuroFrank
457,14383,2022-04-15 20:32:15,–ü—Ä–æ–¥–∞–º –ø–æ 95 4000$,1642753822,DollarEuroFrank
458,14382,2022-04-15 20:30:01,,1642753822,DollarEuroFrank
459,14381,2022-04-15 20:27:05,–ö—É–ø–ª—é ‚Ç¨ —Å–∞–º–∞—Ä–∞,1060281600,DollarEuroFrank
460,14380,2022-04-15 20:26:59,–°—Ç–∞–≤—Ä–æ–ø–æ–ª—å $ –ø—Ä–æ–¥–∞–º –ø–æ 100. –ü–∏—Å–∞—Ç—å –≤ –ª–∏—á–∫—É.,349922689,DollarEuroFrank
461,14379,2022-04-15 20:16:21,–°–ü–ë –ø—Ä–æ–¥–∞–º 3500$ –ø–æ 90,831676468,DollarEuroFrank
462,14378,2022-04-15 20:11:52,üÜò–ú–æ—Å–∫–≤–∞ –°–ó–ê–û –ø—Ä–æ–¥–∞–º 3000$ –ø–æ 97‚ùóÔ∏è–ø–∏—Å–∞—Ç—å –≤ –ª—Å,537932752,DollarEuroFrank
463,14377,2022-04-15 20:02:51,–ü—Ä–æ–¥–∞–∂–∞ $ –†–æ—Å—Ç–æ–≤—Å–∫–∞—è –æ–±–ª–∞—Å—Ç—å üíØ‚ÇΩ,5106717537,DollarEuroFrank
464,14376,2022-04-15 19:59:46,"–ö—É–ø–ª—é $
–°–µ–≥–æ–¥–Ω—è –∂–µ 
–°—Ä–æ—á–Ω–æ!!
–ú–æ—Å–∫–≤–∞!
–ü–∏—Å–∞—Ç—å –≤ –ª—Å",1454487393,DollarEuroFrank
465,14375,2022-04-15 19:56:55,–æ—Ç–¥–∞–º –ø–∞—Ä—É —Ç—ã—Å—è—á $ –ø–æ 91—Ä,5045361587,DollarEuroFrank
466,14374,2022-04-15 19:52:58,–ü—Ä–æ–¥–∞–º 1000 $ - –ø–æ 100 –º—Å–∫,731896425,DollarEuroFrank
467,14373,2022-04-15 19:43:21,–î–∞—é –¥–æ–ª–ª–∞—Ä—ã –≤–°–®–ê –±–µ—Ä—É —Ä—É–±–ª–∏ —Å –†–æ—Å—Å–∏–∏,1576366613,DollarEuroFrank
468,14372,2022-04-15 19:36:36,"–î–∞—é –¥–æ–ª–ª–∞—Ä –≤ –°–®–ê, –±–µ—Ä—É  –≤ –ú–æ—Å–∫–≤–µ —Ä—É–±–ª—å ,–ø—Ä–µ–¥–ª–æ–∂–µ–Ω–∏–∏ –≤ –ª–∏—á–∫—É –∏ –ø–æ—Å–ª–µ–¥–Ω–∏–π 1800 –¥–æ–ª –æ—Å—Ç–∞–ª–∏—Å—å –ø—Ä–æ–¥–∞–º",5250812163,DollarEuroFrank
469,14370,2022-04-15 19:34:30,,1544281278,DollarEuroFrank
470,14369,2022-04-15 19:32:35,–ü—Ä–æ–¥–∞–º 3 –∫ –µ–≤—Ä–æ —Å–ø–±,5174617072,DollarEuroFrank
471,14368,2022-04-15 19:30:59,"–î–æ–±—Ä–æ–≥–æ –≤—Ä–µ–º–µ–Ω–∏! 
–ü—Ä–æ–¥–∞–º 3000$ –ø–æ 95‚ÇΩ
–ü—Ä–æ–≤–µ—Ä–∫–∞ –≤ –±–∞–Ω–∫–µ.
–î–æ–ª–ª–∞—Ä—ã –Ω–æ–≤–æ–≥–æ –æ–±—Ä–∞–∑—Ü–∞.
–ú–æ—Å–∫–≤–∞ (–ú–∏—Ç–∏–Ω–æ/–ù–∞—Ö–∞–±–∏–Ω–æ)/–ö—Ä–∞—Å–Ω–æ–≥–æ—Ä—Å–∫",189856630,DollarEuroFrank
472,14367,2022-04-15 19:21:34,–ü—Ä–æ–¥–∞–º –¥–æ–ª–ª–∞—Ä—ã –≤ –µ–∫–±,94365040,DollarEuroFrank
473,14366,2022-04-15 19:10:53,"–ü—Ä–æ–¥–∞–º –µ–≤—Ä–æ, –ú—Å–∫, –ø–æ 100.–≤–æ–ø—Ä–æ—Å—ã –≤ –ª–∏—á–∫—É –ø–ª–∑",543865652,DollarEuroFrank
474,14365,2022-04-15 19:03:31,–ö—É–ø–ª—é 2000 USD –ò—Ä–∫—É—Ç—Å–∫,1412326176,DollarEuroFrank
475,14364,2022-04-15 19:03:00,,1412326176,DollarEuroFrank
476,14363,2022-04-15 19:02:49,"–ü—Ä–æ–¥–∞–º $ –ø–æ 93,–ú–æ—Å–∫–≤–∞ —é–≥–æ-–∑–∞–ø–∞–¥",578982915,DollarEuroFrank
477,14362,2022-04-15 18:53:24,"–ü—Ä–æ–¥–∞–º $ –ø–æ 90 –°–∞–º–∞—Ä–∞, –ö–∞–∑–∞–Ω—å. 50–∫",262539617,DollarEuroFrank
478,14361,2022-04-15 18:53:20,,1142699509,DollarEuroFrank
479,14360,2022-04-15 18:52:38,üíµüîπ–ü—Ä–æ–¥–∞–º 500-1000$-92‚ÇΩüîπ –º–æ—Å–∫–≤–∞ —Å–µ–≥–æ–¥–Ω—è —é–∑–∞–æ,355153480,DollarEuroFrank
480,14359,2022-04-15 18:51:52,–£—Ñ–∞ –µ–≤—Ä–æ –ø—Ä–æ–¥–∞–º,860346716,DollarEuroFrank
481,14358,2022-04-15 18:51:28,–ü—Ä–æ–¥–∞–º $ 600 - –ø–æ 100 ‚ÇΩ –º—Å–∫,731896425,DollarEuroFrank
482,14356,2022-04-15 18:50:20,"–ü—Ä–æ–¥–∞–º –¥–æ–ª–ª–∞—Ä—ã –≤ –ú–æ—Å–∫–≤–µ, –¶–µ–Ω—Ç—Ä. 91—Ä",5184328819,DollarEuroFrank
483,14355,2022-04-15 18:50:18,üÜò–ú–æ—Å–∫–≤–∞ –°–ó–ê–û –ø—Ä–æ–¥–∞–º 3000$ –ø–æ 97‚ùóÔ∏è–ø–∏—Å–∞—Ç—å –≤ –ª—Å,537932752,DollarEuroFrank
484,14354,2022-04-15 18:38:34,,372777434,DollarEuroFrank
485,14353,2022-04-15 18:37:44,,192216920,DollarEuroFrank
486,14352,2022-04-15 18:34:10,–ö—É–ø–ª—é ‚Ç¨ —Å–∞–º–∞—Ä–∞,1060281600,DollarEuroFrank
487,14351,2022-04-15 18:09:53,"–ö–∞–∑–∞–Ω—å –∏ –¢–∞—Ç–∞—Ä—Å—Ç–∞–Ω 

10.000$

–ö—É—Ä—Å  –≤ –ª—Å 

–ê–∫—Ç—É–∞–ª—å–Ω–æ –¥–æ –≤–æ—Å–∫—Ä–µ—Å–µ–Ω—å—è",495621850,DollarEuroFrank
488,14350,2022-04-15 18:05:48,"–°—Ç–∞–≤—Ä–æ–ø–æ–ª—å,  –ø—Ä–æ–¥–∞–º $",1106043979,DollarEuroFrank
489,14349,2022-04-15 18:02:00,–ï–≤—Ä–æ –≤ –°–∞–º–∞—Ä–µ,2062077890,DollarEuroFrank
490,14348,2022-04-15 17:37:23,"–ï–∫–∞—Ç–µ—Ä–∏–Ω–±—É—Ä–≥, –ø—Ä–æ–¥–∞–º $",726921143,DollarEuroFrank
491,14347,2022-04-15 17:35:58,–ü—Ä–æ–¥–∞–º –Ω–æ–≤—ã–µ 10–∫$ –ö—Ä–∞—Å–Ω–æ–¥–∞—Ä,496552378,DollarEuroFrank
492,14346,2022-04-15 17:35:47,"–û–±–º–µ–Ω—è—é 3000$(–∫—É–ø—é—Ä—ã 100$ –Ω–æ–≤—ã–µ) –≤ –ù–∏–∂–Ω–µ–º –ù–æ–≤–≥–æ—Ä–æ–¥–µ.
–ö—É—Ä—Å 1$=105‚ÇΩ 
–û–±–º–µ–Ω –≤ –ª—é–±–æ–º –æ—Ç–¥–µ–ª–µ–Ω–∏–∏ —Å–±–µ—Ä–±–∞–Ω–∫–∞ –ø–æ –≥–æ—Ä–æ–¥—É,—Å –ø—Ä–æ–≤–µ—Ä–∫–æ–π –≤ –∫–∞—Å—Å–µ.",503260035,DollarEuroFrank
493,14345,2022-04-15 17:31:58,"–ü—Ä–æ–¥–∞–º $ –ø–æ 93,–ú–æ—Å–∫–≤–∞ —é–≥–æ-–∑–∞–ø–∞–¥",578982915,DollarEuroFrank
494,14344,2022-04-15 17:28:13,–ö—É–ø–ª—é $ –ø–æ 85 –†–æ—Å—Ç–æ–≤,211242483,DollarEuroFrank
495,14343,2022-04-15 17:27:20,–ü—Ä–æ–¥–∞–∂–∞ $ –†–æ—Å—Ç–æ–≤—Å–∫–∞—è –æ–±–ª–∞—Å—Ç—å –ø–æ üíØ‚ÇΩ,5106717537,DollarEuroFrank
496,14342,2022-04-15 17:25:52,"–ù–∏–∂–Ω–∏–π –ù–æ–≤–≥–æ—Ä–æ–¥.
–ü—Ä–æ–¥–∞–º!!!
$ –ø–æ 95
‚Ç¨ –ø–æ 105",652195158,DollarEuroFrank
497,14341,2022-04-15 17:17:19,–ü—Ä–æ–¥–∞–º $ –ø–æ 95 –Æ–í –†–∞–º–µ–Ω—Å–∫–æ–µ 500-800$,5049990296,DollarEuroFrank
498,14340,2022-04-15 17:15:33,–ö—É–ø–ª—é ‚Ç¨ —Å–∞–º–∞—Ä–∞,1060281600,DollarEuroFrank
499,14339,2022-04-15 17:06:31,,1919193888,DollarEuroFrank
500,14338,2022-04-15 17:05:33,"–ö—Ä–∞—Å–Ω–æ–¥–∞—Ä –ø—Ä–æ–¥–∞–º –Ω–∞–ª–∏—á–Ω—ã–µ
–î–æ–ª–ª–∞—Ä $ 95
–ï–≤—Ä–æ     ‚Ç¨ 105
–ù–æ–≤—ã–µ –∫—É–ø—é—Ä—ã, –Ω–æ–≤–æ–≥–æ –æ–±—Ä–∞–∑—Ü–∞. –û–±–º–µ–Ω —Ç–æ–ª—å–∫–æ —á–µ—Ä–µ–∑ –ø—Ä–æ–≤–µ—Ä–∫—É –≤ –∫–∞—Å—Å–µ –±–∞–Ω–∫–∞. –ó–∞–ø—Ä–æ—Å –≤ –ª/—Å",457763062,DollarEuroFrank
501,14337,2022-04-15 17:05:17,üîπ–ü—Ä–æ–¥–∞–º$500-1000$-92‚ÇΩüîπ —Å–µ–≥–æ–¥–Ω—è –º–æ—Å–∫–≤–∞,355153480,DollarEuroFrank
502,14336,2022-04-15 17:01:47,"–ú–°–ö. –ü—Ä–æ–¥–∞–º –¥–æ–ª–ª–∞—Ä –ø–æ 91 , –Ω–æ–≤—ã–µ –∫—É–ø—é—Ä—ã. –î–æ 5000$",263773408,DollarEuroFrank
503,14335,2022-04-15 16:52:48,"–ö—É–ø–ª—é $
–ü–∏—Å–∞—Ç—å –≤ –ª—Å
–ú–æ—Å–∫–≤–∞",1454487393,DollarEuroFrank
504,14334,2022-04-15 16:52:06,–ü–æ–∫—É–ø–∫–∞ –≥—Ä–∏–≤–Ω—ã,1822686894,DollarEuroFrank
505,14333,2022-04-15 16:49:34,–Ω–æ —Å —Å–æ—Å–µ–¥–Ω–µ–π –≥—Ä—É–ø–ø—ã –∑–∞—Ç–Ω—Ç–µ—Ä–µ—Å–æ–≤–∞–ª–∏—Å—å —É–∂–µ,5045361587,DollarEuroFrank
506,14328,2022-04-15 16:33:02,,1537025416,DollarEuroFrank
507,14327,2022-04-15 16:27:10,,505567653,DollarEuroFrank
508,14326,2022-04-15 16:24:14,–ü—Ä–æ–¥–∞–º $ 600- –ø–æ 100 –º—Å–∫,731896425,DollarEuroFrank
509,14325,2022-04-15 16:10:08,–ö—Ä–∞—Å–Ω–æ—è—Ä—Å–∫ –ø—Ä–æ–¥–∞–º $ –ø–æ 96,241017949,DollarEuroFrank
510,14324,2022-04-15 16:09:43,,1213397889,DollarEuroFrank
511,14322,2022-04-15 16:08:26,–ü—Ä–æ–¥–∞–º 3500$ –ø–æ 90 –°–ü–±,831676468,DollarEuroFrank
512,14321,2022-04-15 15:49:29,üîπ–ü—Ä–æ–¥–∞–º $500-1000$-92‚ÇΩüîπ –º–æ—Å–∫–≤–∞ —Å–µ–≥–æ–¥–Ω—è,355153480,DollarEuroFrank
513,14319,2022-04-15 15:22:56,–ü—Ä–æ–¥–∞–º –¥–æ–ª–ª–∞—Ä—ã –ï–∫–∞—Ç–µ—Ä–∏–Ω–±—É—Ä–≥.,94365040,DollarEuroFrank
514,14318,2022-04-15 15:20:18,üÜò–ú–æ—Å–∫–≤–∞ –°–ó–ê–û –ø—Ä–æ–¥–∞–º 3000$ –ø–æ 97‚ùóÔ∏è–ø–∏—Å–∞—Ç—å –≤ –ª—Å,537932752,DollarEuroFrank
515,14317,2022-04-15 15:12:32,,401419476,DollarEuroFrank
516,14315,2022-04-15 14:47:05,,1609425937,DollarEuroFrank
517,14314,2022-04-15 14:45:20,–ö—É–ø–ª—é –¥–æ 2000EUR –≤ –ú–æ—Å–∫–≤–µ –ø–æ 97,163680949,DollarEuroFrank
518,14313,2022-04-15 14:45:01,"–ü—Ä–æ–¥–∞–º $ –ø–æ 93,–ú–æ—Å–∫–≤–∞ —é–≥–æ-–∑–∞–ø–∞–¥",578982915,DollarEuroFrank
519,14312,2022-04-15 14:41:01,,926691943,DollarEuroFrank
520,14311,2022-04-15 14:33:04,6000,5128233857,DollarEuroFrank
521,14310,2022-04-15 14:26:26,1000 –Ω–µ —É—Å—Ç—Ä–æ–∏—Ç. –¢–∞–≥–∞–Ω—Å–∫–∞—è,568819750,DollarEuroFrank
522,14309,2022-04-15 14:19:08,–ö—É–ø–ª—é 2000$ –ø–æ 90. –ú–æ—Å–∫–≤–∞. –¢–∞–≥–∞–Ω—Å–∫–∞—è,108215966,DollarEuroFrank
523,14308,2022-04-15 14:17:23,"–î–∞—é –¥–æ–ª–ª–∞—Ä –≤ –°–®–ê, –±–µ—Ä—É  –≤ –ú–æ—Å–∫–≤–µ —Ä—É–±–ª—å ,–ø—Ä–µ–¥–ª–æ–∂–µ–Ω–∏–∏ –≤ –ª–∏—á–∫—É –∏ –ø–æ—Å–ª–µ–¥–Ω–∏–π 1800 –¥–æ–ª –æ—Å—Ç–∞–ª–∏—Å—å –ø—Ä–æ–¥–∞–º",5250812163,DollarEuroFrank
524,14307,2022-04-15 14:08:37,–ö—É–ø–ª—é 25000 $ –ø–æ 88. –° –ø—Ä–æ–≤–µ—Ä–∫–æ–π –≤ –±–∞–Ω–∫–µ.,369204168,DollarEuroFrank
525,14306,2022-04-15 14:07:49,,369204168,DollarEuroFrank
526,14305,2022-04-15 14:05:55,"–û–±–º–µ–Ω—è—é 3000$(–∫—É–ø—é—Ä—ã 100$ –Ω–æ–≤—ã–µ) –≤ –ù–∏–∂–Ω–µ–º –ù–æ–≤–≥–æ—Ä–æ–¥–µ.
–ö—É—Ä—Å 1$=105‚ÇΩ 
–û–±–º–µ–Ω –≤ –ª—é–±–æ–º –æ—Ç–¥–µ–ª–µ–Ω–∏–∏ —Å–±–µ—Ä–±–∞–Ω–∫–∞ –ø–æ –≥–æ—Ä–æ–¥—É,—Å –ø—Ä–æ–≤–µ—Ä–∫–æ–π –≤ –∫–∞—Å—Å–µ.",503260035,DollarEuroFrank
527,14304,2022-04-15 14:05:24,"–ö—É–ø–ª—é –¥–æ–ª–ª–∞—Ä—ã –≤ –ª—é–±–æ–º –∫–æ–ª–∏—á–µ—Å—Ç–≤–µ –Æ–∂–Ω—ã–µ –≤–æ—Ä–æ—Ç–∞ 
–ü–∏—Å–∞—Ç—å –≤ –ª–∏—á–∫—É –ª–∏–±–æ –≤–æ—Ç—Å–∞–ø +79015282970",1034791401,DollarEuroFrank
528,14303,2022-04-15 14:04:38,–ü—Ä–æ–¥–∞–º $$$ –ø–æ –∫—É—Ä—Å—É 99 ‚ÇΩ üíµ –ß–ï–ë–û–ö–°–ê–†–´,1085927605,DollarEuroFrank
529,14302,2022-04-15 14:03:17,,626855274,DollarEuroFrank
530,14301,2022-04-15 13:59:59,–ß–µ–ª—è–±–∏–Ω—Å–∫ 1000 –µ–≤—Ä–æ –ø—Ä–æ–¥–∞–º,271272148,DollarEuroFrank
531,14300,2022-04-15 13:58:58,"–ö—É–ø–ª—é $ –ø–æ 85—Ä. –ú–æ—Å–∫–≤–∞, –õ—é–±–ª–∏–Ω–æ",1265880943,DollarEuroFrank
532,14299,2022-04-15 13:55:11,,1335272808,DollarEuroFrank
533,14298,2022-04-15 13:48:11,üîπüíµ–ø—Ä–æ–¥–∞–º 500-1000$-92‚ÇΩüîπ –º–æ—Å–∫–≤–∞ —Å–µ–≥–æ–¥–Ω—è —é–∑–∞–æ,355153480,DollarEuroFrank
534,14297,2022-04-15 13:37:31,üÜò–ú–æ—Å–∫–≤–∞ –°–ó–ê–û –ø—Ä–æ–¥–∞–º 3000$ –ø–æ 97‚ùóÔ∏è,537932752,DollarEuroFrank
535,14296,2022-04-15 13:34:41,,88737920,DollarEuroFrank
536,14295,2022-04-15 13:29:04,"–ö—Ä–∞—Å–Ω–æ–¥–∞—Ä, –ø—Ä–æ–¥–∞–º –ø–æ 90, 10 —Ç—ã—Å—è—á. –ù–æ–≤—ã–µ",782567558,DollarEuroFrank
537,14294,2022-04-15 13:28:05,"–ü—Ä–æ–¥–∞–º –¥–æ 3000 $ –ø–æ 90 , –∫—É–ø—é—Ä—ã –Ω–æ–≤—ã–µ , –ú–æ—Å–∫–≤–∞",1050798908,DollarEuroFrank
538,14293,2022-04-15 13:25:29,–ó–¥—Ä–∞–≤—Å—Ç–≤—É–π—Ç–µ . –ö—É–ø–ª—é –ø–æ 91,802215596,DollarEuroFrank
539,14292,2022-04-15 13:21:37,–ü—Ä–æ–¥–∞–º üí≤–°—Ç–∞–≤—Ä–æ–ø–æ–ª—å,1106043979,DollarEuroFrank
540,14291,2022-04-15 13:18:37,"–ü—Ä–æ–¥–∞–º 3500$ –ø–æ 92 , –ú–æ—Å–∫–≤–∞",284676828,DollarEuroFrank
541,14290,2022-04-15 13:18:08,–ü—Ä–æ–¥–∞–º 4200 $ –¥–æ–ª–ª–∞—Ä –ø–æ 90—Ä,5020954504,DollarEuroFrank
542,14288,2022-04-15 13:11:48,,457743018,DollarEuroFrank
543,14286,2022-04-15 12:56:50,"–ü—Ä–æ–¥–∞–º 5500$ –Ω–æ–≤—ã–µ, –ø–æ 92, –ø—Ä–æ–≤–µ—Ä–∫–∞ –ø—Ä–∏–≤–µ—Ç—Å—Ç–≤—É–µ—Ç—Å—è. –ú–æ—Å–∫–≤–∞",1984590284,DollarEuroFrank
544,14285,2022-04-15 12:54:50,"–ü—Ä–æ–¥–∞–º –æ—Ç 1000 –µ–≤—Ä–æ –ø–æ –∫—É—Ä—Å—É 100 –∑–∞ –µ–≤—Ä–æ, –ú–æ—Å–∫–≤–∞.",509414141,DollarEuroFrank
545,14284,2022-04-15 12:46:37,–ö—É–ø–ª—é –¥–æ–ª–ª–∞—Ä—ã –≤ –û–º—Å–∫–µ,990376925,DollarEuroFrank
546,14283,2022-04-15 12:45:15,–ö—É–ø–ª—é $ –¥–æ–ª–ª–∞—Ä—ã –ï–∫–±,500657879,DollarEuroFrank
547,14282,2022-04-15 12:43:21,üîπüíµ–ø—Ä–æ–¥–∞–º 500-1000$üîπ –º–æ—Å–∫–≤–∞ —Å–µ–≥–æ–¥–Ω—è —é–∑–∞–æ,355153480,DollarEuroFrank
548,14281,2022-04-15 12:41:11,"–°–ï–í–ê–°–¢–û–ü–û–õ–¨ –ö–†–´–ú
–ø—Ä–æ–¥–∞–º $,‚Ç¨ –ø–æ 88/100",1250938202,DollarEuroFrank
549,14280,2022-04-15 12:34:30,–ö—É–ø–ª—é ‚Ç¨ –ø–æ 95 —Å–∞–º–∞—Ä–∞,1060281600,DollarEuroFrank
550,14278,2022-04-15 12:27:43,"20–∫ $, –Ω–æ–≤—å—ë, –ø–æ 150 –∑–∞ 1$
–í –ª—Å",2126609852,DollarEuroFrank
551,14277,2022-04-15 12:20:08,"–ù–∏–∂–Ω–∏–π –ù–æ–≤–≥–æ—Ä–æ–¥.
–ü—Ä–æ–¥–∞–º!!!
$ –ø–æ 95
‚Ç¨ –ø–æ 105",652195158,DollarEuroFrank
552,14276,2022-04-15 12:14:35,–ë–µ—Ä—É –¥–æ–ª–ª–∞—Ä—ã –≤ –°–®–ê –∏ –¥–∞—é —Ä—É–±–ª–∏ –≤ –†–æ—Å—Å–∏–∏,1576366613,DollarEuroFrank
553,14275,2022-04-15 12:10:43,"–ü—Ä–æ–¥–∞–º 1500 –µ–≤—Ä–æ –ø–æ 100
–ú–æ—Å–∫–≤–∞",5180757044,DollarEuroFrank
554,14274,2022-04-15 12:05:01,"–ö—Ä–∞—Å–Ω–æ–¥–∞—Ä
–ü—Ä–æ–¥–∞–º –µ–≤—Ä–æ üí∂ –ø–æ 100 —Ä—É–±",5128233857,DollarEuroFrank
555,14272,2022-04-15 11:53:07,"–ü—Ä–æ–¥–∞–º 120–∫$ –ø–æ 91 –°–∞–º–∞—Ä–∞, –£–ª—å—è–Ω–æ–≤—Å–∫, –ö–∞–∑–∞–Ω—å",262539617,DollarEuroFrank
556,14271,2022-04-15 11:47:51,–ü—Ä–æ–¥–∞–º 400$ –¢—É–ª–∞,218592872,DollarEuroFrank
557,14270,2022-04-15 11:44:06,–ü—Ä–æ–¥–∞–º 10–ö$ –ö—Ä–∞—Å–Ω–æ–¥–∞—Ä,496552378,DollarEuroFrank
558,14269,2022-04-15 11:39:37,üÜò–ú–æ—Å–∫–≤–∞ –°–ó–ê–û 3000$ –ø–æ 97‚ùóÔ∏è,537932752,DollarEuroFrank
559,14268,2022-04-15 11:38:53,,1390159085,DollarEuroFrank
560,14267,2022-04-15 11:38:19,"üö®üö®–ü—Ä–æ–¥–∞–º –¥–æ–ª–ª–∞—Ä –ø–æ 94
2000-7000$
–ú–æ—Å–∫–≤–∞ –¶–ê–û 
–í–∞–ª—é—Ç–∞ –Ω–æ–≤–æ–≥–æ –∏ —Å—Ç–∞—Ä–æ–≥–æ –æ–±—Ä–∞–∑—Ü–∞.
–ü—Ä–æ–≤–µ—Ä–∫–∞ –≤ –±–∞–Ω–∫–µ.",41217920,DollarEuroFrank
561,14266,2022-04-15 11:15:54,,5108214235,DollarEuroFrank
562,14265,2022-04-15 11:11:10,"–ü—Ä–æ–¥–∞–º $ –ø–æ 93.
–ö–∞–∑–∞–Ω—å",378203511,DollarEuroFrank
563,14264,2022-04-15 11:10:04,–ü—Ä–æ–¥–∞–º –¥–æ–ª–ª–∞—Ä—ã –ï–∫–∞—Ç–µ—Ä–∏–Ω–±—É—Ä–≥,94365040,DollarEuroFrank
564,14263,2022-04-15 11:05:31,üîµ–ü—Ä–æ–¥–∞–º üíµ600$-92‚ÇΩüîµ –º–æ—Å–∫–≤–∞ —Å–µ–≥–æ–¥–Ω—è —é–∑–∞–æ,355153480,DollarEuroFrank
565,14261,2022-04-15 10:58:57,"–î–æ–±—Ä–æ–≥–æ –≤—Ä–µ–º–µ–Ω–∏! 
–ü—Ä–æ–¥–∞–º 5400$ –ø–æ 95‚ÇΩ
–ü—Ä–æ–≤–µ—Ä–∫–∞ –≤ –±–∞–Ω–∫–µ.
–î–æ–ª–ª–∞—Ä—ã –Ω–æ–≤–æ–≥–æ –æ–±—Ä–∞–∑—Ü–∞.
–°–ü–±",592213042,DollarEuroFrank
566,14260,2022-04-15 10:53:53,"–ö—Ä–∞—Å–Ω–æ–¥–∞—Ä –ø—Ä–æ–¥–∞–º –Ω–∞–ª–∏—á–Ω—ã–µ
–î–æ–ª–ª–∞—Ä $ 95
–ï–≤—Ä–æ     ‚Ç¨ 105
–ù–æ–≤—ã–µ –∫—É–ø—é—Ä—ã, –Ω–æ–≤–æ–≥–æ –æ–±—Ä–∞–∑—Ü–∞. –û–±–º–µ–Ω —Ç–æ–ª—å–∫–æ —á–µ—Ä–µ–∑ –ø—Ä–æ–≤–µ—Ä–∫—É –≤ –∫–∞—Å—Å–µ –±–∞–Ω–∫–∞. –ó–∞–ø—Ä–æ—Å –≤ –ª/—Å",457763062,DollarEuroFrank
567,14258,2022-04-15 10:50:05,"–î–∞—é –¥–æ–ª–ª–∞—Ä –≤ –°–®–ê, –±–µ—Ä—É  –≤ –ú–æ—Å–∫–≤–µ —Ä—É–±–ª—å ,–ø—Ä–µ–¥–ª–æ–∂–µ–Ω–∏–∏ –≤ –ª–∏—á–∫—É –∏ –ø–æ—Å–ª–µ–¥–Ω–∏–π 1800 –¥–æ–ª –æ—Å—Ç–∞–ª–∏—Å—å –ø—Ä–æ–¥–∞–º",5250812163,DollarEuroFrank
568,14257,2022-04-15 10:49:11,,5225352192,DollarEuroFrank
569,14255,2022-04-15 10:47:34,,5201999815,DollarEuroFrank
570,14254,2022-04-15 10:40:07,,1108060777,DollarEuroFrank
571,14253,2022-04-15 10:39:44,–ë–µ—Ä—É –¥–æ–ª–ª–∞—Ä—ã –≤ –°–®–ê –¥–∞—é —Ä—É–±–ª–∏ –≤ –†–æ—Å—Å–∏–∏,1576366613,DollarEuroFrank
572,14252,2022-04-15 10:37:41,"–ü—Ä–æ–¥–∞–º $ –ø–æ 90, –ö—Ä–∞—Å–Ω–æ–¥–∞—Ä",782567558,DollarEuroFrank
573,14251,2022-04-15 10:37:17,,782567558,DollarEuroFrank
574,14250,2022-04-15 10:26:45,,219755397,DollarEuroFrank
575,14249,2022-04-15 10:24:39,"–ö—É–ø–ª—é $ –ø–æ 88,–ú–æ—Å–∫–≤–∞ –Æ–ó–ê–û",2074020825,DollarEuroFrank
576,14248,2022-04-15 10:24:16,"–ü—Ä–æ–¥–∞–º 5000$ –ø–æ 93, –Ω–æ–≤—ã–µ, –ø—Ä–æ–≤–µ—Ä–∫–∞ –ø—Ä–∏–≤–µ—Ç—Å—Ç–≤—É–µ—Ç—Å—è. –ú–æ—Å–∫–≤–∞",1984590284,DollarEuroFrank
577,14247,2022-04-15 10:22:56,"–ö—É–ø–ª—é –µ–≤—Ä–æ –∏ –¥–æ–ª–ª–∞—Ä 
–°–∞–Ω–∫—Ç –ü–µ—Ç–µ—Ä–±—É—Ä–≥",5260899257,DollarEuroFrank
578,14246,2022-04-15 10:22:48,–ü—Ä–æ–¥–∞–º 500$ –∫—É—Ä—Å 95 –†–∞–º–µ–Ω—Å–∫–æ–µ –ú–û –≤ –ª–∏—á–∫—É,5049990296,DollarEuroFrank
579,14245,2022-04-15 10:20:12,"–ü—Ä–æ–¥–∞–º 2000$ –∫—É—Ä—Å 95/–ö—Ä–∞—Åy–æ–≥–æ—Ä—Å–∫ –ú–æ—Å–∫–≤–∞-–ú–∏—Ç–∏–Ω–æ, —á–µ—Ä–µ–∑ –±–∞–Ω–∫",189856630,DollarEuroFrank
580,14244,2022-04-15 10:17:03,"–ö—É–ø–ª—é –æ—Ç 5000 $ –ø–æ 89, ‚Ç¨ –ø–æ 97,5 –ó–µ–ª–µ–Ω–æ–≥—Ä–∞–¥ –ú.–û.",5180046433,DollarEuroFrank
581,14243,2022-04-15 10:14:39,–ü—Ä–æ–¥–∞–º –¥–æ–ª–ª–∞—Ä—ã 93—Ä. –ú–æ—Å–∫–≤–∞,5184328819,DollarEuroFrank
582,14242,2022-04-15 10:14:38,,265723197,DollarEuroFrank
583,14241,2022-04-15 10:07:48,"–ù–∏–∂–Ω–∏–π –ù–æ–≤–≥–æ—Ä–æ–¥.
–ü—Ä–æ–¥–∞–º!!!
$ –ø–æ 95
‚Ç¨ –ø–æ 105",652195158,DollarEuroFrank
584,14240,2022-04-15 10:01:22,–ü—Ä–æ–¥–∞–º üíµ 600$-92‚ÇΩ –º–æ—Å–∫–≤–∞ —Å–µ–≥–æ–¥–Ω—è —é–∑–∞–æ,355153480,DollarEuroFrank
585,14239,2022-04-15 10:00:50,"–ü—Ä–æ–¥–∞–º –¥–æ–ª–ª–∞—Ä—ã –ï–∫–∞—Ç–µ—Ä–∏–Ω–±—É—Ä–≥
–û–±–º–µ–Ω –≤ –æ—Ñ–∏—Å–µ –°–±–µ—Ä–∞.",94365040,DollarEuroFrank
586,14238,2022-04-15 10:00:37,,94365040,DollarEuroFrank
587,14237,2022-04-15 09:55:19,–ö—Ç–æ –ø—Ä–æ–¥–∞—ë—Ç –≤ –ù–æ–≤–æ—Å–∏–±–∏—Ä—Å–∫–µ $$$,515801291,DollarEuroFrank
588,14236,2022-04-15 09:54:28,–°–∞—Ä–∞—Ç–æ–≤ –ø—Ä–æ–¥–∞–º $ –ø–æ 90,2045518193,DollarEuroFrank
589,14233,2022-04-15 09:42:16,–ü—Ä–æ–¥–∞–º $500-–ø–æ 100 ‚ÇΩ –º—Å–∫,731896425,DollarEuroFrank
590,14231,2022-04-15 09:33:11,,1893908347,DollarEuroFrank
591,14230,2022-04-15 09:28:14,–ü–µ–Ω–∑–∞ –∫—É–ø–ª—é $,2115413373,DollarEuroFrank
592,14229,2022-04-15 09:26:46,,1176351808,DollarEuroFrank
593,14228,2022-04-15 09:24:59,"–ú–æ–≥—É –¥–∞—Ç—å $ –ø–æ –∫—É—Ä—Å—É 91, –ø–æ –°–®–ê –∑–µ–ª–ª–µ",2093538653,DollarEuroFrank
594,14227,2022-04-15 09:24:29,"–ü—Ä–æ–¥–∞–º $ 8 900, –ú–æ—Å–∫–≤–∞ –ø–æ 91, –Ω–æ–≤—ã–µ –∫—É–ø—é—Ä—ã",453400435,DollarEuroFrank
595,14226,2022-04-15 09:20:27,–ë–µ—Ä—É –¥–æ–ª–ª–∞—Ä—ã –≤ –°–®–ê –¥–∞—é —Ä—É–±–ª–∏ –≤ –†–æ—Å—Å–∏–∏,1576366613,DollarEuroFrank
596,14225,2022-04-15 09:12:18,"–ö—É–ø–ª—é –¥–æ–ª–ª–∞—Ä 
–ü–æ –¥–æ–≥–æ–≤–æ—Ä–Ω–æ–º—É –∫—É—Ä—Å—É 
–°—Ä–æ—á–Ω–æ 
–ü—Ä–µ–¥–ª–æ–∂–µ–Ω–∏—è –≤ –ª—Å
–ú–û–°–ö–í–ê",1454487393,DollarEuroFrank
597,14224,2022-04-15 09:09:15,–ö—É–ø–ª—é –¥–æ–ª–ª–∞—Ä –≤ —Å–ø–± –ø–æ –∞–¥–µ–∫–≤–∞—Ç–Ω–æ–º—É –∫—É—Ä—Å—É. –ü—Ä–µ–¥–ª–æ–∂–µ–Ω–∏—è –≤ –ª—Å,2128878809,DollarEuroFrank
598,14223,2022-04-15 08:56:42,3500$ –ø—Ä–æ–¥–∞–º –°–ü–± 90,831676468,DollarEuroFrank
599,14222,2022-04-15 08:55:57,"–ü—Ä–æ–¥–∞–º 3000$ –∑–∞ 97 —Ä—É–±. –ú—Å–∫, —Å–æ–∫–æ–ª",901751648,DollarEuroFrank
600,14221,2022-04-15 08:53:39,–ö—É–ø–ª—é ‚Ç¨ –ø–æ 95 —Å–∞–º–∞—Ä–∞,1060281600,DollarEuroFrank
601,14220,2022-04-15 08:28:48,"–≤ –ì–µ—Ä–º–∞–Ω–∏–∏ –µ—Å—Ç—å –µ–≤—Ä–æ –ø–æ –∫—É—Ä—Å—É 100—Ä, —Ä—É–±–ª–∏ –ø—Ä–∏–Ω–∏–º–∞–µ–º –≤ –ú–æ—Å–∫–≤–µ, –ø—Ä–µ–¥–ª–æ–∂–µ–Ω–∏–µ –≤ –ª–∏—á–∫—É",1316762833,DollarEuroFrank
602,14219,2022-04-15 08:27:45,–ü—Ä–æ–¥–∞–º üí≤–°—Ç–∞–≤—Ä–æ–ø–æ–ª—å,1106043979,DollarEuroFrank
603,14218,2022-04-15 08:26:07,–ú–æ—Å–∫–≤–∞ 100–∫ –¥–æ–ª–ª–∞—Ä–æ–≤,1822686894,DollarEuroFrank
604,14217,2022-04-15 08:21:23,–ü—Ä–æ–¥–∞–º 1000‚Ç¨ –ß–µ–ª—è–±–∏–Ω—Å–∫,271272148,DollarEuroFrank
605,14216,2022-04-15 08:14:54,,810410513,DollarEuroFrank
606,14215,2022-04-15 08:13:09,"–ü—Ä–æ–¥–∞–º 1000 –µ–≤—Ä–æ –ø–æ 100
–ú–æ—Å–∫–≤–∞",5180757044,DollarEuroFrank
607,14214,2022-04-15 08:11:39,"–ö–∏—Ä–æ–≤, –ø—Ä–æ–¥–∞–º $",532795884,DollarEuroFrank
608,14213,2022-04-15 07:54:52,"–ü—Ä–æ–¥–∞–º $  –≤ –ö–µ–º–µ—Ä–æ–≤–æ, –ø–æ 110",5232105368,DollarEuroFrank
609,14212,2022-04-15 07:54:15,–ü–æ –∫–∞–∫–æ–º—É –∫—É—Ä—Å—É –≤–æ–∑—å–º—ë—Ç–µ?,976980329,DollarEuroFrank
610,14211,2022-04-15 07:30:36,"–ö–£–ü–õ–Æ $ üá∫üá∏
–°–†–û–ß–ù–û
–ú–û–°–ö–í–ê!!!
–ü–ò–®–ò–¢–ï –í –õ–°!üôè",1454487393,DollarEuroFrank
611,14210,2022-04-15 07:27:32,–ö—É—Ä—Å –∫–∞–∫–æ–π?,1272767600,DollarEuroFrank
612,14209,2022-04-15 07:26:42,–ë–µ—Ä—É –¥–æ–ª–ª–∞—Ä—ã –≤–°–®–ê –¥–∞—é —Ä—É–±–ª–∏ –≤ –†–æ—Å—Å–∏–∏,1576366613,DollarEuroFrank
613,14208,2022-04-15 07:24:02,,726921143,DollarEuroFrank
614,14207,2022-04-15 07:23:18,"–ö—Ä–∞—Å–Ω–æ–¥–∞—Ä –ø—Ä–æ–¥–∞–º –Ω–∞–ª–∏—á–Ω—ã–µ
–î–æ–ª–ª–∞—Ä $ 95
–ï–≤—Ä–æ     ‚Ç¨ 105
–ù–æ–≤—ã–µ –∫—É–ø—é—Ä—ã, –Ω–æ–≤–æ–≥–æ –æ–±—Ä–∞–∑—Ü–∞. –û–±–º–µ–Ω —Ç–æ–ª—å–∫–æ —á–µ—Ä–µ–∑ –ø—Ä–æ–≤–µ—Ä–∫—É –≤ –∫–∞—Å—Å–µ –±–∞–Ω–∫–∞. –ó–∞–ø—Ä–æ—Å –≤ –ª/—Å",457763062,DollarEuroFrank
615,14206,2022-04-15 07:20:05,–î–∞–º $ –∏ –≤–æ–∑—å–º—É —Ä—É–±–ª—å –≤ –ß–µ–ª—è–±–∏–Ω—Å–∫–µ,1466026321,DollarEuroFrank
616,14205,2022-04-15 07:18:39,"–î–∞—é –¥–æ–ª–ª–∞—Ä –≤ –°–®–ê, –±–µ—Ä—É  –≤ –ú–æ—Å–∫–≤–µ —Ä—É–±–ª—å ,–ø—Ä–µ–¥–ª–æ–∂–µ–Ω–∏–∏ –≤ –ª–∏—á–∫—É –∏ –ø–æ—Å–ª–µ–¥–Ω–∏–π 1800 –¥–æ–ª –æ—Å—Ç–∞–ª–∏—Å—å –ø—Ä–æ–¥–∞–º",5250812163,DollarEuroFrank
617,14204,2022-04-15 07:04:46,–ú–æ—Å–∫–≤–∞ –ø—Ä–æ–¥–∞–º 10–∫ –¥–æ–ª–ª–∞—Ä–æ–≤,1822686894,DollarEuroFrank
618,14203,2022-04-15 07:02:07,–ü—Ä–æ–¥–∞–º $ –ö—Ä–∞—Å–Ω–æ–¥–∞—Ä,496552378,DollarEuroFrank
619,14202,2022-04-15 06:06:01,,343638247,DollarEuroFrank
620,14201,2022-04-15 05:51:30,–ö—É–ø–ª—é –µ–≤—Ä–æ –≤ –ö—Ä–∞—Å–Ω–æ—è—Ä—Å–∫–µ,2022743025,DollarEuroFrank
621,14200,2022-04-15 05:43:44,–ö—É–ø–ª—é $ –¥–æ—Ä–æ–≥–æ –≤ –ß–µ–ª—è–±–∏–Ω—Å–∫–µ,5059223288,DollarEuroFrank
622,14198,2022-04-15 05:09:09,,829874201,DollarEuroFrank
623,14197,2022-04-15 04:06:42,,1600724841,DollarEuroFrank
624,14196,2022-04-15 04:02:10,"–î–∞—é –¥–æ–ª–ª–∞—Ä –≤ –°–®–ê, –±–µ—Ä—É  –≤ –ú–æ—Å–∫–≤–µ —Ä—É–±–ª—å ,–ø—Ä–µ–¥–ª–æ–∂–µ–Ω–∏–∏ –≤ –ª–∏—á–∫—É –∏ –ø–æ—Å–ª–µ–¥–Ω–∏–π 1800 –¥–æ–ª –æ—Å—Ç–∞–ª–∏—Å—å –ø—Ä–æ–¥–∞–º",5250812163,DollarEuroFrank
625,14195,2022-04-15 03:09:48,üÜò–ú–æ—Å–∫–≤–∞ –°–ó–ê–û 3000$ –ø–æ 97‚ùóÔ∏è,537932752,DollarEuroFrank
626,14194,2022-04-15 02:41:50,"–ö–£–ü–õ–Æ $üá∫üá∏
–°–†–û–ß–ù–û 
–ú–û–°–ö–í–ê 
–ü–ò–®–ò–¢–ï –í –õ–°!",1454487393,DollarEuroFrank
627,14193,2022-04-15 02:41:38,,474974013,DollarEuroFrank
628,14192,2022-04-15 02:36:06,–ö—É–ø–ª—é –¥–æ–ª–ª–∞—Ä—ã –≤ –û–º—Å–∫–µ,990376925,DollarEuroFrank
629,14191,2022-04-15 01:42:53,–•–∞–±–∞—Ä–æ–≤—Å–∫ üíµ,2116516130,DollarEuroFrank
630,14190,2022-04-15 00:20:21,"–ö–£–ü–õ–Æ $üá∫üá∏
–°–†–û–ß–ù–û!
–ú–û–°–ö–í–ê!!
–ü–ò–°–ê–¢–¨ –í –õ–°!",1454487393,DollarEuroFrank
631,14188,2022-04-15 00:12:39,üÜò–ú–æ—Å–∫–≤–∞ –°–ó–ê–û 3000$ –ø–æ 97‚ùóÔ∏è,537932752,DollarEuroFrank
632,14186,2022-04-14 23:44:53,"–î–æ–±—Ä–æ–≥–æ –≤—Ä–µ–º–µ–Ω–∏! 
–ü—Ä–æ–¥–∞–º 5400$ –ø–æ 95‚ÇΩ
–ü—Ä–æ–≤–µ—Ä–∫–∞ –≤ –±–∞–Ω–∫–µ.
–î–æ–ª–ª–∞—Ä—ã –Ω–æ–≤–æ–≥–æ –æ–±—Ä–∞–∑—Ü–∞.
–°–ü–±",592213042,DollarEuroFrank
633,14183,2022-04-14 22:46:35,"–ö—É–ø–ª—é $ –ø–æ 88,–ú–æ—Å–∫–≤–∞ –Æ–ó–ê–û",2074020825,DollarEuroFrank
634,14181,2022-04-14 22:42:55,–ò–Ω—Ç–µ—Ä–µ—Å–Ω–æ –≤ —Ç—É—Ç —Ö–æ—Ç—å –æ–¥–∏–Ω —á–µ–ª–æ–≤–µ–∫ –ø—Ä–æ–¥–∞–ª/–∫—É–ø–∏–ª —á—Ç–æ —Ç–æ?üòÅüòÅüòÅ,1234187059,DollarEuroFrank
635,14180,2022-04-14 22:41:55,–í–æ–∑—å–º–∏ 100–∫ –ø–æ 91,1822686894,DollarEuroFrank
636,14179,2022-04-14 22:41:08,95—Ä –±–µ—Ä–∏),5184328819,DollarEuroFrank
637,14178,2022-04-14 22:40:27,–†–æ—Å—Ç–æ–≤ –ø—Ä–æ–¥–∞–º $ –ø–æ 90,414494494,DollarEuroFrank
638,14177,2022-04-14 22:34:31,"–ö–£–ü–õ–Æ $
–°–ï–ô–ß–ê–° –ñ–ï
–°–†–û–ß–ù–û 
–ú–û–°–ö–í–ê !!!
–ü–ò–®–ò–¢–ï –í –õ–°!",1454487393,DollarEuroFrank
639,14176,2022-04-14 22:20:40,–ü—Ä–æ–¥–∞–º $$$ –ø–æ –∫—É—Ä—Å—É 99 ‚ÇΩ üíµ –ß–ï–ë–û–ö–°–ê–†–´,1085927605,DollarEuroFrank
640,14175,2022-04-14 22:14:36,"–ö—É–ø–ª—é –µ–≤—Ä–æ, –°–ü–±",44709493,DollarEuroFrank
641,14174,2022-04-14 22:04:06,üÜò–ú–æ—Å–∫–≤–∞ –°–ó–ê–û 3000$ –ø–æ 97‚ùóÔ∏è,537932752,DollarEuroFrank
642,14173,2022-04-14 22:03:43,–ü—Ä–æ–¥–∞–º 1000$ –ø–æ 90 –†—è–∑–∞–Ω—å,402292243,DollarEuroFrank
643,14172,2022-04-14 21:53:06,–ö—É–ø–ª—é –±–∞–∫—Å –ø–æ 89‚ÇΩ,333330549,DollarEuroFrank
644,14171,2022-04-14 21:50:43,–ü—Ä–æ–¥–∞–ºüí≤–°—Ç–∞–≤—Ä–æ–ø–æ–ª—å,1106043979,DollarEuroFrank
645,14170,2022-04-14 21:46:59,–ü–µ–Ω–∑–∞ –∫—Ç–æ –ø—Ä–æ–¥–∞–µ—Ç $,2115413373,DollarEuroFrank
646,14169,2022-04-14 21:38:05,"–ù–∏–∂–Ω–∏–π –ù–æ–≤–≥–æ—Ä–æ–¥.
–ü—Ä–æ–¥–∞–º!!!
$ –ø–æ 95
‚Ç¨ –ø–æ 105",652195158,DollarEuroFrank
647,14168,2022-04-14 21:35:27,"20–∫ $, –Ω–æ–≤—å—ë, –ø–æ 150 –∑–∞ 1$
–í –ª—Å",2126609852,DollarEuroFrank
648,14167,2022-04-14 21:31:56,"–≤ –ì–µ—Ä–º–∞–Ω–∏–∏ –µ—Å—Ç—å –µ–≤—Ä–æ –ø–æ –∫—É—Ä—Å—É 100—Ä, —Ä—É–±–ª–∏ –ø—Ä–∏–Ω–∏–º–∞–µ–º –≤ –ú–æ—Å–∫–≤–µ, –ø—Ä–µ–¥–ª–æ–∂–µ–Ω–∏–µ –≤ –ª–∏—á–∫—É",1316762833,DollarEuroFrank
649,14166,2022-04-14 21:28:36,–ø—Ä–æ–¥–∞–º —á—É—Ç—å —á—É—Ç—å –¥–æ–ª–ª–∞—Ä–æ–≤ 92—Ä –ú–æ—Å–∫–≤–∞,5184328819,DollarEuroFrank
650,14165,2022-04-14 21:23:13,,249955843,DollarEuroFrank
651,14164,2022-04-14 21:21:57,üá∫üá∏üíµ –ø—Ä–æ–¥–∞–º $-92‚ÇΩ –º–æ—Å–∫–≤–∞ —é–∑–∞–æ,355153480,DollarEuroFrank
652,14163,2022-04-14 21:20:29,–ú–æ—Å–∫–≤–∞ –ø—Ä–æ–¥–∞–º 100–∫ –¥–æ–ª–ª–∞—Ä–æ–≤,1822686894,DollarEuroFrank
653,14162,2022-04-14 21:13:31,"–ü—Ä–æ–¥–∞–º 5500$ –ø–æ 92, –Ω–æ–≤—ã–µ. –ú–æ—Å–∫–≤–∞",1984590284,DollarEuroFrank
654,14161,2022-04-14 21:12:50,,262539617,DollarEuroFrank
655,14160,2022-04-14 21:07:16,"–ü—Ä–æ–¥–∞–º $ 8 900, –ú–æ—Å–∫–≤–∞ –ø–æ 91, –Ω–æ–≤—ã–µ –∫—É–ø—é—Ä—ã",453400435,DollarEuroFrank
656,14159,2022-04-14 21:03:17,"–ö—Ä–∞—Å–Ω–æ–¥–∞—Ä
–ü—Ä–æ–¥–∞–º –µ–≤—Ä–æ üí∂ –ø–æ 100 —Ä—É–±",5128233857,DollarEuroFrank
657,14158,2022-04-14 21:02:09,"–ü—Ä–æ–¥–∞–º 2000$ –∑–∞ 93 —Ä—É–±. –ú—Å–∫, —Å–æ–∫–æ–ª",901751648,DollarEuroFrank
658,14157,2022-04-14 20:54:36,–ü—Ä–æ–¥–∞–º –¥–æ–ª–ª–∞—Ä üí≤ –ø–æ 95 (500) –†–∞–º–µ–Ω—Å–∫–æ–µ.,5049990296,DollarEuroFrank
659,14155,2022-04-14 20:43:47,üÜò–ú–æ—Å–∫–≤–∞ –°–ó–ê–û 3000$ –ø–æ 97‚ùóÔ∏è,537932752,DollarEuroFrank
660,14154,2022-04-14 20:34:44,"–ö—É–ø–ª—é –µ–≤—Ä–æ, –°–ü–±. –í –ª/—Å",44709493,DollarEuroFrank
661,14153,2022-04-14 20:26:37,"–î–∞—é –¥–æ–ª–ª–∞—Ä –≤ –°–®–ê, –±–µ—Ä—É  –≤ –ú–æ—Å–∫–≤–µ —Ä—É–±–ª—å ,–ø—Ä–µ–¥–ª–æ–∂–µ–Ω–∏–∏ –≤ –ª–∏—á–∫—É –∏ –ø–æ—Å–ª–µ–¥–Ω–∏–π 1800 –¥–æ–ª –æ—Å—Ç–∞–ª–∏—Å—å –ø—Ä–æ–¥–∞–º",5250812163,DollarEuroFrank
662,14152,2022-04-14 20:26:13,,1102388177,DollarEuroFrank
663,14151,2022-04-14 20:25:11,"–ö—É–ø–ª—é $ –ø–æ 88,–ú–æ—Å–∫–≤–∞ –Æ–ó–ê–û",2074020825,DollarEuroFrank
664,14150,2022-04-14 20:10:16,"–û–±–º–µ–Ω—è—é 3000$(–∫—É–ø—é—Ä—ã 100$ –Ω–æ–≤—ã–µ) –≤ –ù–∏–∂–Ω–µ–º –ù–æ–≤–≥–æ—Ä–æ–¥–µ.
–ö—É—Ä—Å 1$=105‚ÇΩ 
–û–±–º–µ–Ω –≤ –ª—é–±–æ–º –æ—Ç–¥–µ–ª–µ–Ω–∏–∏ —Å–±–µ—Ä–±–∞–Ω–∫–∞ –ø–æ –≥–æ—Ä–æ–¥—É,—Å –ø—Ä–æ–≤–µ—Ä–∫–æ–π –≤ –∫–∞—Å—Å–µ.",503260035,DollarEuroFrank
665,14149,2022-04-14 20:07:38,–ö—É–ø–ª—é –¥–æ–ª–ª–∞—Ä üíµ –ø—Ä–µ–¥–ª–æ–∂–µ–Ω–∏–µ –≤ –ª—Å,333330549,DollarEuroFrank
666,14148,2022-04-14 19:52:12,–ü—Ä–æ–¥–∞–º 100 –µ–≤—Ä–æ –∫–∞–∑–∞–Ω—å 10000,1979272393,DollarEuroFrank
667,14147,2022-04-14 19:47:22,–ü—Ä–æ–¥–∞–º $ –ø–æ 90 –°–ø–±,1493052283,DollarEuroFrank
668,14146,2022-04-14 19:42:26,"üíµüá∫üá∏USD –ê–º–µ—Ä–∏–∫–∞–Ω—Å–∫–∏–π –¥–æ–ª–ª–∞—Ä-$-92 ‚ÇΩ,–æ—Å—Ç–∞–ª–æ—Å—å 2500$üá∫üá∏,–°–∞–Ω–∫—Ç-–ü–µ—Ç–µ—Ä–±—É—Ä–≥.",1990667504,DollarEuroFrank
669,14145,2022-04-14 19:41:49,"–ü—Ä–æ–¥–∞–º $ 8 900, –ú–æ—Å–∫–≤–∞ –ø–æ 91, –Ω–æ–≤—ã–µ –∫—É–ø—é—Ä—ã",453400435,DollarEuroFrank
670,14144,2022-04-14 19:37:38,"–ö—É–ø–ª—é $ 
–ú–æ—Å–∫–≤–∞!!!!
–ü–∏—Å–∞—Ç—å –≤ –ª—Å!",1454487393,DollarEuroFrank
671,14143,2022-04-14 19:35:47,üÜò–ú–æ—Å–∫–≤–∞ –°–ó–ê–û 3000$ –ø–æ 97‚ùóÔ∏è,537932752,DollarEuroFrank
672,14141,2022-04-14 19:29:10,–ö—É–ø–ª—é –ø–æ 87 - 1000 /1500$,1738127243,DollarEuroFrank
673,14140,2022-04-14 19:25:29,,1775074040,DollarEuroFrank
674,14139,2022-04-14 18:59:56,–ë–µ—Ä—É –¥–æ–ª–ª–∞—Ä—ã –≤–°–®–ê –¥–∞—é —Ä—É–±–ª–∏ –≤ –†–æ—Å—Å–∏–∏,1576366613,DollarEuroFrank
675,14138,2022-04-14 18:37:05,10 —Ç –µ–≤—Ä–æ –ø–æ 110 –ú–æ—Å–∫–≤–∞,1364494365,DollarEuroFrank
676,14136,2022-04-14 18:32:48,"–ü—Ä–æ–¥–∞–º 2500$,–∑–∞ 1$-92 —Ä—É–±–ª—è.–ü–∏—Ç–µ—Ä.üá∫üá∏üíµ",1990667504,DollarEuroFrank
677,14135,2022-04-14 18:32:14,–ü—Ä–æ–¥–∞–º 600$-92‚ÇΩ –º–æ—Å–∫–≤–∞ —é–∑–∞–æ,355153480,DollarEuroFrank
678,14134,2022-04-14 18:28:21,üÜò–ú–æ—Å–∫–≤–∞ –°–ó–ê–û 3000$ –ø–æ 97‚ùóÔ∏è,537932752,DollarEuroFrank
679,14133,2022-04-14 18:23:20,,436124849,DollarEuroFrank
680,14131,2022-04-14 18:11:32,,455724099,DollarEuroFrank
681,14130,2022-04-14 18:11:00,–ü–æ—á—ë–º ? –ö–æ–ª–∏—á–µ—Å—Ç–≤–æ?,1210190339,DollarEuroFrank
682,14129,2022-04-14 18:07:48,"–ü—Ä–æ–¥–∞–º $ –Ω–æ–≤—ã–µ,–†–°–û-–ê–õ–∞–Ω–∏—è",963881008,DollarEuroFrank
683,14128,2022-04-14 18:07:31,"–ü—Ä–æ–¥–∞–º $ 8 900, –ø–æ 91, –Ω–æ–≤—ã–µ –∫—É–ø—é—Ä—ã",453400435,DollarEuroFrank
684,14127,2022-04-14 18:06:15,,329992563,DollarEuroFrank
685,14126,2022-04-14 17:58:21,"–ù–∏–∂–Ω–∏–π –ù–æ–≤–≥–æ—Ä–æ–¥. –ü—Ä–æ–¥–∞–º $ –ø–æ 95, ‚Ç¨ –ø–æ 105",652195158,DollarEuroFrank
686,14125,2022-04-14 17:54:12,"–µ—Å—Ç—å —Ä—É–±–ª–∏ –≤ –°–ü–±, –Ω—É–∂–Ω—ã $ –∏–ª–∏ –º–∞–Ω–∞—Ç—ã –≤ –ë–∞–∫—É",1034846271,DollarEuroFrank
687,14124,2022-04-14 17:53:46,,1034846271,DollarEuroFrank
688,14123,2022-04-14 17:53:19,"–ü—Ä–æ–¥–∞–º –¥–æ–ª–ª–∞—Ä –ø–æ 95 —Ä—É–±. –ú–æ—Å–∫–≤–∞. 
5—Ç $",5252344999,DollarEuroFrank
689,14122,2022-04-14 17:51:54,"–ú–æ—Å–∫–≤–∞
–û–±–º–µ–Ω—è—é –ï–≤—Ä–æ ‚Ç¨ –Ω–∞ —Ä—É–±–ª–∏ –ø–æ –∫—É—Ä—Å—É 110 ‚ÇΩ 
–õ—é–±—ã–µ –ø—Ä–æ–≤–µ—Ä–∫–∏ 
–ü–∏—à–∏—Ç–µ –≤ –ª–∏—á–∫—É",1106423450,DollarEuroFrank
690,14121,2022-04-14 17:49:23,–ö—É–ø–ª—é ‚Ç¨ —Å–∞–º–∞—Ä–∞,1060281600,DollarEuroFrank
691,14120,2022-04-14 17:21:03,"–†–µ–±—è—Ç–∞! üá∫üá∏üíµUSD –ê–º–µ—Ä–∏–∫–∞–Ω—Å–∫–∏–π –¥–æ–ª–ª–∞—Ä-,–ü—Ä–æ–¥–∞—é 3000$,–ï—Å—Ç—å –Ω–æ–≤—ã–µ –∏ —Å—Ç–∞—Ä—ã–µ,–≤—Å–µ –ø–æ 100$.üíµüá∫üá∏–°–∞–Ω–∫—Ç-–ü–µ—Ç–µ—Ä–±—É—Ä–≥.

–ö—É—Ä—Å:92 —Ä—É–±–ª—è –∑–∞ 1$.",1990667504,DollarEuroFrank
692,14119,2022-04-14 17:14:05,–ü—Ä–æ–¥–∞–º $ –ö—Ä–∞—Å–Ω–æ–¥–∞—Ä,496552378,DollarEuroFrank
693,14118,2022-04-14 17:13:20,–ö—É–ø–ª—é –µ–≤—Ä–æ. –°–ü–±. –í –ª/—Å,44709493,DollarEuroFrank
694,14117,2022-04-14 17:12:45,–°—Ç–∞–≤—Ä–æ–ø–æ–ª—å –ø—Ä–æ–¥–∞–º üí≤ –ø–æ 90,1106043979,DollarEuroFrank
695,14116,2022-04-14 17:11:39,600$-92‚ÇΩ –º–æ—Å–∫–≤–∞ —Å–µ–≥–æ–¥–Ω—è —é–∑–∞–æ,355153480,DollarEuroFrank
696,14115,2022-04-14 17:10:55,–ü—Ä–æ–¥–∞–º 1700$ –°—Ç–∞–≤—Ä–æ–ø–æ–ª—å –ø–æ –∫—É—Ä—Å—É 93,5002626140,DollarEuroFrank
697,14114,2022-04-14 17:10:08,–ü—Ä–æ–¥–∞–º $500-–ø–æ 100‚ÇΩ –º—Å–∫,731896425,DollarEuroFrank
698,14112,2022-04-14 16:59:20,,419753076,DollarEuroFrank
699,14111,2022-04-14 16:54:28,üÜò–ú–æ—Å–∫–≤–∞ –°–ó–ê–û 3000$ –ø–æ 97‚ùóÔ∏è,537932752,DollarEuroFrank
700,14110,2022-04-14 16:42:34,"–ø—Ä–æ–¥–∞–º –¥–æ–ª–ª–∞—Ä 95—Ä –ú–æ—Å–∫–≤–∞, –õ—é–±–ª–∏–Ω–æ",5184328819,DollarEuroFrank
701,14108,2022-04-14 16:34:04,,5236827833,DollarEuroFrank
702,14107,2022-04-14 16:30:07,–ê–Ω–∞–ø–∞. –ü—Ä–æ–¥–∞–º 1600‚Ç¨ –ø–æ 100‚ÇΩ. –¢–æ–ª—å–∫–æ —á—Ç–æ –ø—Ä–∏–≤–µ–∑—ë–Ω–Ω—ã–µ –∏–∑ –ò—Ç–∞–ª–∏–∏.,1398119553,DollarEuroFrank
703,14106,2022-04-14 16:28:32,–°–∞—Ä–∞—Ç–æ–≤ –ø—Ä–æ–¥–∞–º $ –ø–æ 90,2045518193,DollarEuroFrank
704,14105,2022-04-14 16:27:53,"–ü—Ä–æ–¥–∞–º –¥–æ–ª–ª–∞—Ä –ø–æ 92, –¥–æ 5000$. –ú—Å–∫.–Ω–æ–≤—ã–µ –∫—É–ø—é—Ä—ã.",263773408,DollarEuroFrank
705,14104,2022-04-14 16:26:46,$ 2000 –ø–æ 88. –ú—Å–∫,546186049,DollarEuroFrank
706,14103,2022-04-14 16:24:16,"–ü—Ä–æ–¥–∞–º 5500$ –Ω–æ–≤—ã–µ –æ–±—Ä–∞–∑—Ü—ã, –ø–æ 93. –ø—Ä–æ–≤–µ—Ä–∫–∞ –≤ –±–∞–Ω–∫–µ –ø—Ä–∏–≤–µ—Ç—Å—Ç–≤—É–µ—Ç—Å—è. –ú–æ—Å–∫–≤–∞",1984590284,DollarEuroFrank
707,14102,2022-04-14 16:19:54,1000$ –ø–æ 95,507051355,DollarEuroFrank
708,14100,2022-04-14 16:16:58,"–ü—Ä–æ–¥–∞–º 200$ –ø–æ 85,–ú–æ—Å–∫–≤–∞,–Ω–æ–≤—ã–µ –∫—É–ø—é—Ä—ã",761911210,DollarEuroFrank
709,14099,2022-04-14 16:06:45,"–ï—Å—Ç—å –µ–≤—Ä–æ –≤ –ì–µ—Ä–º–∞–Ω–∏–∏ –ø–æ –∫—É—Ä—Å—É 100—Ä, —Ä—É–±–ª–∏ –ø—Ä–∏–Ω–∏–º–∞–µ–º –≤ –ú–æ—Å–∫–≤–µ",1316762833,DollarEuroFrank
710,14098,2022-04-14 16:05:30,–ö—Ä–∞—Å–Ω–æ–≥–æ—Ä—Å–∫ 5000$=100 —Ä—É–±.,1280505147,DollarEuroFrank
711,14096,2022-04-14 16:04:49,"üá∫üá∏üíµUSD –ê–º–µ—Ä–∏–∫–∞–Ω—Å–∫–∏–π –¥–æ–ª–ª–∞—Ä-,–ü—Ä–æ–¥–∞—é 3000$,–ï—Å—Ç—å –Ω–æ–≤—ã–µ –∏ —Å—Ç–∞—Ä—ã–µ,–≤—Å–µ –ø–æ 100$.üíµüá∫üá∏–°–∞–Ω–∫—Ç-–ü–µ—Ç–µ—Ä–±—É—Ä–≥.

–ö—É—Ä—Å:92-94 —Ä—É–±–ª—è –∑–∞ 1$.",1990667504,DollarEuroFrank
712,14095,2022-04-14 16:02:09,–ü—Ä–æ–¥–∞–º –¥–æ–ª–ª–∞—Ä—ã 4000 –ø–æ 90—Ä –∫–∞–ª–∏–Ω–∏–Ω–≥—Ä–∞–¥,1277104062,DollarEuroFrank
713,14094,2022-04-14 15:55:50,–ü—Ä–æ–¥–∞–º 600$ -92‚ÇΩ –º–æ—Å–∫–≤–∞ —Å–µ–≥–æ–¥–Ω—è –±–µ–∑–æ–ø–∞—Å–Ω–æ,355153480,DollarEuroFrank
714,14093,2022-04-14 15:52:13,"–û–±–º–µ–Ω—è—é 3000$(–∫—É–ø—é—Ä—ã 100$ –Ω–æ–≤—ã–µ) –≤ –ù–∏–∂–Ω–µ–º –ù–æ–≤–≥–æ—Ä–æ–¥–µ.
–ö—É—Ä—Å 1$=105‚ÇΩ 
–û–±–º–µ–Ω –≤ –ª—é–±–æ–º –æ—Ç–¥–µ–ª–µ–Ω–∏–∏ —Å–±–µ—Ä–±–∞–Ω–∫–∞ –ø–æ –≥–æ—Ä–æ–¥—É,—Å –ø—Ä–æ–≤–µ—Ä–∫–æ–π –≤ –∫–∞—Å—Å–µ.",503260035,DollarEuroFrank
715,14092,2022-04-14 15:50:46,–ú–æ—Å–∫–≤–∞ –ø—Ä–æ–¥–∞–º –µ–≤—Ä–æ –ø–æ100 —Ä—É–±-1000,1176452752,DollarEuroFrank
716,14091,2022-04-14 15:49:31,"–ö—Ä–∞—Å–Ω–æ–¥–∞—Ä
–ü—Ä–æ–¥–∞–º –µ–≤—Ä–æ üí∂ –ø–æ 100 —Ä—É–±",5128233857,DollarEuroFrank
717,14090,2022-04-14 15:46:03,"–ö–£–ü–õ–Æ 4400$
–ü–ò–®–ò–¢–ï –í –õ–° 
–ú–û–°–ö–í–ê",1454487393,DollarEuroFrank
718,14089,2022-04-14 15:33:15,"–ö—É–ø–ª—é –î–æ–ª–ª–∞—Ä 88—Ä
–ö—É–ø–ª—é –ï–≤—Ä–æ 95—Ä
–ú–æ—Å–∫–≤–∞ –¶–ê–û, –©–µ–ª–∫–æ–≤—Å–∫–∞—è",5045361587,DollarEuroFrank
719,14088,2022-04-14 15:30:46,–ü—Ä–æ–¥–∞–º $500- –ø–æ 100‚ÇΩ –º—Å–∫,731896425,DollarEuroFrank
720,14087,2022-04-14 15:15:33,–†–æ—Å—Ç–æ–≤—Å–∫–∞—è –æ–±–ª–∞—Å—Ç—å –ø—Ä–æ–¥–∞–º $ –Ω–æ–≤–æ–≥–æ –æ–±—Ä–∞–∑—Ü–∞ –≤ –Ω–∞–ª 5000$ üíØ‚ÇΩ,5106717537,DollarEuroFrank
721,14086,2022-04-14 15:07:45,"–ö—É–ø–ª—é –æ—Ç 5000 $ –ø–æ 88, ‚Ç¨ –ø–æ 97 –ó–µ–ª–µ–Ω–æ–≥—Ä–∞–¥ –ú.–û.",5180046433,DollarEuroFrank
